<?xml version="1.0"?>
<TRACE tech= "BLE" layer= "LL">
<LOG	TS= "00:00:00:088168"  TC =  "MTC"  TB= "" TG= "Start Test Case:"> TC_ENC_SCN_BI_01 </LOG>
<LOG	TS= "00:00:00:088557"  TC =  "MTC"  TB= " TC_ENC_SCN_BI_01" TG= "StartTimer:"> [1] T_test_case [0] 180 s </LOG>
<LOG	TS= "00:00:00:088692"  TC =  "MTC"  TB= " TC_ENC_SCN_BI_01" TG= "Assign:"> [2] TCV_config_with_pl_component := GcFALSE  </LOG>
<LOG	TS= "00:00:00:088805"  TC =  "MTC"  TB= " TC_ENC_SCN_BI_01" TG= "Assign:"> [2] TCV_test_repetition_counter := 1  </LOG>
<LOG	TS= "00:00:00:089024"  TC =  "MTC"  TB= " TC_ENC_SCN_BI_01:[3] LTS_loop_test:[5] TS_define_test_param_enc_scn_bi_01_mtc" TG= "Assign:"> [2] TCV_adv_acc_addr := '01'O  </LOG>
<LOG	TS= "00:00:00:090204"  TC =  "MTC"  TB= " TC_ENC_SCN_BI_01:[3] LTS_loop_test" TG= "Create:"> [7] CREATE P_LL:TC_ENC_SCN_BI_01::LT_p_ll( [ '03'O , '01'O ]  ) </LOG>
<LOG	TS= "00:00:00:090627"  TC =  "MTC"  TB= " TC_ENC_SCN_BI_01:[3] LTS_loop_test" TG= "GciLogStartPTC"> TC_ENC_SCN_BI_01::LT_p_ll </LOG>
<LOG	TS= "00:00:00:090908"  TC =  "P_LL"  TB= " LT_p_ll:[37] IP_tester_p_ll" TG= "StartTimer:"> [1] T_guard [0] 120 s </LOG>
<LOG	TS= "00:00:00:092572"  TC =  "P_LL"  TB= " LT_p_ll:[37] IP_tester_p_ll" TG= "Send:"> [2] LL ! LL_LC_RESET_REQ = PDU: { lilcld: '0000'O , length: '03'O }  </LOG>
<LOG	TS= "00:00:00:593591"  TC =  "P_LL"  TB= " LT_p_ll:[37] IP_tester_p_ll" TG= "Recv:"> [3] LL ? LL_LC_RESET_CFM = PDU: { lilcld: '0001'O , length: '04'O , confirmInd: '00'O }  </LOG>
<LOG	TS= "00:00:00:595580"  TC =  "P_LL"  TB= " LT_p_ll:[37] IP_tester_p_ll" TG= "Send:"> [4] LL ! LL_LC_SET_TESTER_NAME_REQ = PDU: { lilcld: '1002'O , length: '06'O , nameLength: '02'O , name: '4C54'O }  </LOG>
<LOG	TS= "00:00:00:597636"  TC =  "P_LL"  TB= " LT_p_ll:[37] IP_tester_p_ll" TG= "Recv:"> [5] LL ? LL_LC_SET_TESTER_NAME_CFM = PDU: { lilcld: '1003'O , length: '04'O , confirmInd: '00'O }  </LOG>
<LOG	TS= "00:00:00:599569"  TC =  "P_LL"  TB= " LT_p_ll:[37] IP_tester_p_ll" TG= "Send:"> [6] LL ! LL_LC_SET_DEVICE_ADDRESS_REQ = PDU: { lilcld: '1004'O , length: '09'O , publicAddress: { company_assigned: '123456'O , company_id: '123456'O } }  </LOG>
<LOG	TS= "00:00:00:601695"  TC =  "P_LL"  TB= " LT_p_ll:[37] IP_tester_p_ll" TG= "Recv:"> [7] LL ? LL_LC_SET_DEVICE_ADDRESS_CFM = PDU: { lilcld: '1005'O , length: '04'O , confirmInd: '00'O }  </LOG>
<LOG	TS= "00:00:00:603561"  TC =  "P_LL"  TB= " LT_p_ll:[37] IP_tester_p_ll" TG= "Send:"> [8] LL ! LL_LC_ADD_REMOTE_DEVICE_ADDRESS_REQ = PDU: { lilcld: '1006'O , length: '0A'O , addressType: '00'O , deviceAddress: { company_assigned: '29CD00'O , company_id: '99FF56'O } }  </LOG>
<LOG	TS= "00:00:00:605625"  TC =  "P_LL"  TB= " LT_p_ll:[37] IP_tester_p_ll" TG= "Recv:"> [9] LL ? LL_LC_ADD_REMOTE_DEVICE_ADDRESS_CFM = PDU: { lilcld: '1007'O , length: '04'O , confirmInd: '00'O }  </LOG>
<LOG	TS= "00:00:00:605942"  TC =  "P_LL"  TB= " LT_p_ll:[37] IP_tester_p_ll" TG= "CancelTimer:"> [10] T_guard [0] 120 s </LOG>
<LOG	TS= "00:00:00:606125"  TC =  "P_LL"  TB= " LT_p_ll" TG= "Send:"> [38] CP_LL ! CM_CONTINUE = PDU: { val: "Cm_continue_test_on_mtc" }  </LOG>
<LOG	TS= "00:00:00:607263"  TC =  "MTC"  TB= " TC_ENC_SCN_BI_01:[3] LTS_loop_test" TG= "Recv:"> [8] CP_LL ? CM_CONTINUE = PDU: { val: "Cm_continue_test_on_mtc" }  </LOG>
<LOG	TS= "00:00:00:608243"  TC =  "MTC"  TB= " TC_ENC_SCN_BI_01:[3] LTS_loop_test" TG= "Create:"> [9] CREATE P_TCI:TC_ENC_SCN_BI_01::LT_p_tci( [ '03'O ]  ) </LOG>
<LOG	TS= "00:00:00:608731"  TC =  "MTC"  TB= " TC_ENC_SCN_BI_01:[3] LTS_loop_test" TG= "GciLogStartPTC"> TC_ENC_SCN_BI_01::LT_p_tci </LOG>
<LOG	TS= "00:00:00:609076"  TC =  "P_TCI"  TB= " LT_p_tci:[18] IP_init_iut_p_tci" TG= "StartTimer:"> [1] T_guard [0] 120 s </LOG>
<LOG	TS= "00:00:00:610247"  TC =  "P_TCI"  TB= " LT_p_tci:[18] IP_init_iut_p_tci:[2] LTS_reset" TG= "Send:"> [12] TCI_HCI ! HCI_RESET = PDU: { hci_opcode: { ogf: '000011'B , ocf: '0000000011'B } , parameter_total_length: '00'O }  </LOG>
<LOG	TS= "00:00:00:907967"  TC =  "P_TCI"  TB= " LT_p_tci:[18] IP_init_iut_p_tci:[2] LTS_reset" TG= "Assign:"> [13] TCV_num_hci_command_packets := '00'O  </LOG>
<LOG	TS= "00:00:00:908230"  TC =  "P_TCI"  TB= " LT_p_tci:[18] IP_init_iut_p_tci:[2] LTS_reset" TG= "Recv:"> [13] TCI_HCI ? HCI_COMMAND_COMPLETE_EVENT = PDU: { event_code: '0E'O , parameter_total_length: '04'O , num_hci_command_packets: '00'O , hci_opcode: { ogf: '000011'B , ocf: '0000000011'B } , return_parameters: { status: '00'O , bd_addr: OMIT, authentication_enable: OMIT, class_of_device: OMIT, conn_accept_timeout: OMIT, num_current_iac: OMIT, iac_lap_list: OMIT, encryption_mode: OMIT, hold_mode_activity: OMIT, inquirymode: OMIT, inquiryscan_interval: OMIT, scan_type: OMIT, inquiryscan_window: OMIT, loopback_mode: OMIT, lmp_features_bt_20_edr: OMIT, hci_version: OMIT, hci_revision: OMIT, lmp_version: OMIT, manufacturer_name_br_edr: OMIT, lmp_subversion_br_edr: OMIT, num_broadcast_retransmission: OMIT, num_support_iac: OMIT, pin_type: OMIT, pagescan_interval: OMIT, pagescan_window: OMIT, page_scan_period_mode: OMIT, page_timeout: OMIT, scan_enable: OMIT, voice_setting: OMIT, num_keys_written: OMIT, synchronous_flow_control_enable: OMIT, connection_handle: OMIT, num_keys_deleted: OMIT, link_quality: OMIT, link_policy_settings: OMIT, current_role: OMIT, flush_timeout: OMIT, hc_acl_data_packet_length: OMIT, hc_synchronous_data_packet_length: OMIT, hc_total_num_acl_data_packets: OMIT, hc_total_num_synchronous_data_packets: OMIT, failed_contact_counter: OMIT, link_supervision_timeout: OMIT, rssi_br_edr: OMIT, max_num_keys: OMIT, num_keys_read: OMIT, transmit_power_level: OMIT, local_name: OMIT, afh_mode: OMIT, afh_channel_map: OMIT, supported_commands: OMIT, clock: OMIT, accuracy: OMIT, lmp_handle: OMIT, reserved_lmp_handle: OMIT, page_number: OMIT, maximun_page_number: OMIT, extended_lmp_features: OMIT, lmp_features_bt_21: OMIT, fec_required: OMIT, extended_inquiry_response: OMIT, simple_pairing_mode: OMIT, c: OMIT, r: OMIT, tx_power: OMIT, erroneous_data_reporting: OMIT, lmp_features_bt_30: OMIT, key_size: OMIT, transmit_power_level_GFSK: OMIT, transmit_power_level_DQPSK: OMIT, transmit_power_level_8DPSK: OMIT, flow_control_mode: OMIT, max_ACL_data_packet_length: OMIT, data_block_length: OMIT, total_num_data_blocks: OMIT, LE_supported_host: OMIT, simultaneous_LE_host: OMIT, lmp_features_bt_40: OMIT, hc_le_acl_data_packet_length: OMIT, hc_total_num_le_acl_data_packets: OMIT, address: OMIT, encrypted_data: OMIT, random_number: OMIT, le_features: OMIT, channel_map: OMIT, tx_power_level: OMIT, rssi_le: OMIT, lmp_features: OMIT, manufacturer_name_le: OMIT, lmp_subversion_le: OMIT, white_list_size: OMIT, le_states: OMIT} }  </LOG>
<LOG	TS= "00:00:00:910319"  TC =  "P_TCI"  TB= " LT_p_tci:[18] IP_init_iut_p_tci:[3] LTS_read_local_supported_features" TG= "Send:"> [14] TCI_HCI ! HCI_READ_LOCAL_SUPPORTED_FEATURES = PDU: { hci_opcode: { ogf: '000100'B , ocf: '0000000011'B } , parameter_total_length: '00'O }  </LOG>
<LOG	TS= "00:00:01:189275"  TC =  "P_TCI"  TB= " LT_p_tci:[18] IP_init_iut_p_tci:[3] LTS_read_local_supported_features" TG= "Assign:"> PR03: [15] TCV_num_hci_command_packets := '01'O  </LOG>
<LOG	TS= "00:00:01:189495"  TC =  "P_TCI"  TB= " LT_p_tci:[18] IP_init_iut_p_tci:[3] LTS_read_local_supported_features" TG= "Recv:"> PR03: [15] TCI_HCI ? HCI_COMMAND_COMPLETE_EVENT = PDU: { event_code: '0E'O , parameter_total_length: '0C'O , num_hci_command_packets: '01'O , hci_opcode: { ogf: '000100'B , ocf: '0000000011'B } , return_parameters: { status: '00'O , bd_addr: OMIT, authentication_enable: OMIT, class_of_device: OMIT, conn_accept_timeout: OMIT, num_current_iac: OMIT, iac_lap_list: OMIT, encryption_mode: OMIT, hold_mode_activity: OMIT, inquirymode: OMIT, inquiryscan_interval: OMIT, scan_type: OMIT, inquiryscan_window: OMIT, loopback_mode: OMIT, lmp_features_bt_20_edr: OMIT, hci_version: OMIT, hci_revision: OMIT, lmp_version: OMIT, manufacturer_name_br_edr: OMIT, lmp_subversion_br_edr: OMIT, num_broadcast_retransmission: OMIT, num_support_iac: OMIT, pin_type: OMIT, pagescan_interval: OMIT, pagescan_window: OMIT, page_scan_period_mode: OMIT, page_timeout: OMIT, scan_enable: OMIT, voice_setting: OMIT, num_keys_written: OMIT, synchronous_flow_control_enable: OMIT, connection_handle: OMIT, num_keys_deleted: OMIT, link_quality: OMIT, link_policy_settings: OMIT, current_role: OMIT, flush_timeout: OMIT, hc_acl_data_packet_length: OMIT, hc_synchronous_data_packet_length: OMIT, hc_total_num_acl_data_packets: OMIT, hc_total_num_synchronous_data_packets: OMIT, failed_contact_counter: OMIT, link_supervision_timeout: OMIT, rssi_br_edr: OMIT, max_num_keys: OMIT, num_keys_read: OMIT, transmit_power_level: OMIT, local_name: OMIT, afh_mode: OMIT, afh_channel_map: OMIT, supported_commands: OMIT, clock: OMIT, accuracy: OMIT, lmp_handle: OMIT, reserved_lmp_handle: OMIT, page_number: OMIT, maximun_page_number: OMIT, extended_lmp_features: OMIT, lmp_features_bt_21: OMIT, fec_required: OMIT, extended_inquiry_response: OMIT, simple_pairing_mode: OMIT, c: OMIT, r: OMIT, tx_power: OMIT, erroneous_data_reporting: OMIT, lmp_features_bt_30: OMIT, key_size: OMIT, transmit_power_level_GFSK: OMIT, transmit_power_level_DQPSK: OMIT, transmit_power_level_8DPSK: OMIT, flow_control_mode: OMIT, max_ACL_data_packet_length: OMIT, data_block_length: OMIT, total_num_data_blocks: OMIT, LE_supported_host: OMIT, simultaneous_LE_host: OMIT, lmp_features_bt_40: OMIT, hc_le_acl_data_packet_length: OMIT, hc_total_num_le_acl_data_packets: OMIT, address: OMIT, encrypted_data: OMIT, random_number: OMIT, le_features: OMIT, channel_map: OMIT, tx_power_level: OMIT, rssi_le: OMIT, lmp_features: { three_slot_packets: '0'B , five_slot_packets: '0'B , encryption: '0'B , slot_offset: '0'B , timing_accuracy: '0'B , switch: '0'B , hold_mode: '0'B , sniff_mode: '0'B , park_state: '0'B , power_control_requests: '0'B , channel_quality_driven_data_rate: '0'B , sco_link: '0'B , hv2_packets: '0'B , hv3_packets: '0'B , u_law_log: '0'B , a_law_log: '0'B , cvsd: '0'B , paging_parameter_negotiation: '0'B , power_control: '0'B , transparent_synchronous_data: '0'B , flow_control_lag_bit0: '0'B , flow_control_lag_bit1: '0'B , flow_control_lag_bit2: '0'B , broadcast_encryption: '0'B , reserved_1: '0'B , enhanced_data_rate_ACL_2_Mbps: '0'B , enhanced_data_rate_ACL_3_Mbps: '0'B , enhanced_inquiry_scan: '0'B , interlaced_inquiry_scan: '0'B , interlaced_page_scan: '0'B , RSSI_with_inquiry_results: '0'B , extended_SCO_link_EV3_packets: '0'B , EV4_packets: '0'B , EV5_packets: '0'B , reserved_2: '0'B , AFH_capable_slave: '0'B , AFH_classification_slave: '0'B , reserved_3: '0'B , reserved_4: '0'B , three_slot_enhanced_data_rate_ACL_packets: '0'B , five_slot_enhanced_data_rate_ACL_packets: '0'B , sniff_subrating: '0'B , pause_encryption: '0'B , AFH_capable_master: '0'B , AFH_classification_master: '0'B , enhanced_data_rate_eSCO_2_Mbps: '0'B , enhanced_data_rate_eSCO_3_Mbps: '0'B , three_slot_enhanced_data_rate_eSCO_packets: '0'B , extended_inquiry_response: '0'B , byte6_bit1: '0'B , byte6_bit2: '0'B , secure_simple_pairing: '0'B , encapsulated_pdu: '0'B , erroneous_data: '0'B , non_flushable_packet_boundary_flag: '0'B , byte6_bit7: '0'B , link_supervision_timeout_changed_event: '0'B , inquiry_tx_power_level: '0'B , byte7_bit2: '0'B , byte7_bit3: '0'B , byte7_bit4: '0'B , byte7_bit5: '0'B , byte7_bit6: '0'B , extended_features: '0'B } , manufacturer_name_le: OMIT, lmp_subversion_le: OMIT, white_list_size: OMIT, le_states: OMIT} }  </LOG>
<LOG	TS= "00:00:01:190247"  TC =  "P_TCI"  TB= " LT_p_tci:[18] IP_init_iut_p_tci:[3] LTS_read_local_supported_features" TG= "Preliminary verdict:"> PR03: [15] (PASS) </LOG>
<LOG	TS= "00:00:01:191942"  TC =  "P_TCI"  TB= " LT_p_tci:[18] IP_init_iut_p_tci:[4] LTS_set_event_mask" TG= "Send:"> [16] TCI_HCI ! HCI_SET_EVENT_MASK = PDU: { hci_opcode: { ogf: '000011'B , ocf: '0000000001'B } , parameter_total_length: '08'O , event_mask: '2000800000018890'O }  </LOG>
<LOG	TS= "00:00:01:319517"  TC =  "P_TCI"  TB= " LT_p_tci:[18] IP_init_iut_p_tci:[4] LTS_set_event_mask" TG= "Assign:"> [17] TCV_num_hci_command_packets := '01'O  </LOG>
<LOG	TS= "00:00:01:319684"  TC =  "P_TCI"  TB= " LT_p_tci:[18] IP_init_iut_p_tci:[4] LTS_set_event_mask" TG= "Recv:"> [17] TCI_HCI ? HCI_COMMAND_COMPLETE_EVENT = PDU: { event_code: '0E'O , parameter_total_length: '04'O , num_hci_command_packets: '01'O , hci_opcode: { ogf: '000011'B , ocf: '0000000001'B } , return_parameters: { status: '00'O , bd_addr: OMIT, authentication_enable: OMIT, class_of_device: OMIT, conn_accept_timeout: OMIT, num_current_iac: OMIT, iac_lap_list: OMIT, encryption_mode: OMIT, hold_mode_activity: OMIT, inquirymode: OMIT, inquiryscan_interval: OMIT, scan_type: OMIT, inquiryscan_window: OMIT, loopback_mode: OMIT, lmp_features_bt_20_edr: OMIT, hci_version: OMIT, hci_revision: OMIT, lmp_version: OMIT, manufacturer_name_br_edr: OMIT, lmp_subversion_br_edr: OMIT, num_broadcast_retransmission: OMIT, num_support_iac: OMIT, pin_type: OMIT, pagescan_interval: OMIT, pagescan_window: OMIT, page_scan_period_mode: OMIT, page_timeout: OMIT, scan_enable: OMIT, voice_setting: OMIT, num_keys_written: OMIT, synchronous_flow_control_enable: OMIT, connection_handle: OMIT, num_keys_deleted: OMIT, link_quality: OMIT, link_policy_settings: OMIT, current_role: OMIT, flush_timeout: OMIT, hc_acl_data_packet_length: OMIT, hc_synchronous_data_packet_length: OMIT, hc_total_num_acl_data_packets: OMIT, hc_total_num_synchronous_data_packets: OMIT, failed_contact_counter: OMIT, link_supervision_timeout: OMIT, rssi_br_edr: OMIT, max_num_keys: OMIT, num_keys_read: OMIT, transmit_power_level: OMIT, local_name: OMIT, afh_mode: OMIT, afh_channel_map: OMIT, supported_commands: OMIT, clock: OMIT, accuracy: OMIT, lmp_handle: OMIT, reserved_lmp_handle: OMIT, page_number: OMIT, maximun_page_number: OMIT, extended_lmp_features: OMIT, lmp_features_bt_21: OMIT, fec_required: OMIT, extended_inquiry_response: OMIT, simple_pairing_mode: OMIT, c: OMIT, r: OMIT, tx_power: OMIT, erroneous_data_reporting: OMIT, lmp_features_bt_30: OMIT, key_size: OMIT, transmit_power_level_GFSK: OMIT, transmit_power_level_DQPSK: OMIT, transmit_power_level_8DPSK: OMIT, flow_control_mode: OMIT, max_ACL_data_packet_length: OMIT, data_block_length: OMIT, total_num_data_blocks: OMIT, LE_supported_host: OMIT, simultaneous_LE_host: OMIT, lmp_features_bt_40: OMIT, hc_le_acl_data_packet_length: OMIT, hc_total_num_le_acl_data_packets: OMIT, address: OMIT, encrypted_data: OMIT, random_number: OMIT, le_features: OMIT, channel_map: OMIT, tx_power_level: OMIT, rssi_le: OMIT, lmp_features: OMIT, manufacturer_name_le: OMIT, lmp_subversion_le: OMIT, white_list_size: OMIT, le_states: OMIT} }  </LOG>
<LOG	TS= "00:00:01:321367"  TC =  "P_TCI"  TB= " LT_p_tci:[18] IP_init_iut_p_tci:[4] LTS_set_event_mask" TG= "Send:"> [18] TCI_HCI ! HCI_LE_SET_EVENT_MASK = PDU: { hci_opcode: { ogf: '001000'B , ocf: '0000000001'B } , parameter_total_length: '08'O , LE_event_mask: '000000000000001F'O }  </LOG>
<LOG	TS= "00:00:01:449457"  TC =  "P_TCI"  TB= " LT_p_tci:[18] IP_init_iut_p_tci:[4] LTS_set_event_mask" TG= "Assign:"> [19] TCV_num_hci_command_packets := '01'O  </LOG>
<LOG	TS= "00:00:01:449655"  TC =  "P_TCI"  TB= " LT_p_tci:[18] IP_init_iut_p_tci:[4] LTS_set_event_mask" TG= "Recv:"> [19] TCI_HCI ? HCI_COMMAND_COMPLETE_EVENT = PDU: { event_code: '0E'O , parameter_total_length: '04'O , num_hci_command_packets: '01'O , hci_opcode: { ogf: '001000'B , ocf: '0000000001'B } , return_parameters: { status: '00'O , bd_addr: OMIT, authentication_enable: OMIT, class_of_device: OMIT, conn_accept_timeout: OMIT, num_current_iac: OMIT, iac_lap_list: OMIT, encryption_mode: OMIT, hold_mode_activity: OMIT, inquirymode: OMIT, inquiryscan_interval: OMIT, scan_type: OMIT, inquiryscan_window: OMIT, loopback_mode: OMIT, lmp_features_bt_20_edr: OMIT, hci_version: OMIT, hci_revision: OMIT, lmp_version: OMIT, manufacturer_name_br_edr: OMIT, lmp_subversion_br_edr: OMIT, num_broadcast_retransmission: OMIT, num_support_iac: OMIT, pin_type: OMIT, pagescan_interval: OMIT, pagescan_window: OMIT, page_scan_period_mode: OMIT, page_timeout: OMIT, scan_enable: OMIT, voice_setting: OMIT, num_keys_written: OMIT, synchronous_flow_control_enable: OMIT, connection_handle: OMIT, num_keys_deleted: OMIT, link_quality: OMIT, link_policy_settings: OMIT, current_role: OMIT, flush_timeout: OMIT, hc_acl_data_packet_length: OMIT, hc_synchronous_data_packet_length: OMIT, hc_total_num_acl_data_packets: OMIT, hc_total_num_synchronous_data_packets: OMIT, failed_contact_counter: OMIT, link_supervision_timeout: OMIT, rssi_br_edr: OMIT, max_num_keys: OMIT, num_keys_read: OMIT, transmit_power_level: OMIT, local_name: OMIT, afh_mode: OMIT, afh_channel_map: OMIT, supported_commands: OMIT, clock: OMIT, accuracy: OMIT, lmp_handle: OMIT, reserved_lmp_handle: OMIT, page_number: OMIT, maximun_page_number: OMIT, extended_lmp_features: OMIT, lmp_features_bt_21: OMIT, fec_required: OMIT, extended_inquiry_response: OMIT, simple_pairing_mode: OMIT, c: OMIT, r: OMIT, tx_power: OMIT, erroneous_data_reporting: OMIT, lmp_features_bt_30: OMIT, key_size: OMIT, transmit_power_level_GFSK: OMIT, transmit_power_level_DQPSK: OMIT, transmit_power_level_8DPSK: OMIT, flow_control_mode: OMIT, max_ACL_data_packet_length: OMIT, data_block_length: OMIT, total_num_data_blocks: OMIT, LE_supported_host: OMIT, simultaneous_LE_host: OMIT, lmp_features_bt_40: OMIT, hc_le_acl_data_packet_length: OMIT, hc_total_num_le_acl_data_packets: OMIT, address: OMIT, encrypted_data: OMIT, random_number: OMIT, le_features: OMIT, channel_map: OMIT, tx_power_level: OMIT, rssi_le: OMIT, lmp_features: OMIT, manufacturer_name_le: OMIT, lmp_subversion_le: OMIT, white_list_size: OMIT, le_states: OMIT} }  </LOG>
<LOG	TS= "00:00:01:451890"  TC =  "P_TCI"  TB= " LT_p_tci:[18] IP_init_iut_p_tci:[5] PR_device_addr_set_p_tci" TG= "Send:"> [2] TCI_HCI ! HCI_READ_BD_ADDR = PDU: { hci_opcode: { ogf: '000100'B , ocf: '0000001001'B } , parameter_total_length: '00'O }  </LOG>
<LOG	TS= "00:00:01:574855"  TC =  "P_TCI"  TB= " LT_p_tci:[18] IP_init_iut_p_tci:[5] PR_device_addr_set_p_tci" TG= "Assign:"> PR01: [3] TCV_num_hci_command_packets := '01'O  </LOG>
<LOG	TS= "00:00:01:575054"  TC =  "P_TCI"  TB= " LT_p_tci:[18] IP_init_iut_p_tci:[5] PR_device_addr_set_p_tci" TG= "Recv:"> PR01: [3] TCI_HCI ? HCI_COMMAND_COMPLETE_EVENT = PDU: { event_code: '0E'O , parameter_total_length: '0A'O , num_hci_command_packets: '01'O , hci_opcode: { ogf: '000100'B , ocf: '0000001001'B } , return_parameters: { status: '00'O , bd_addr: OMIT, authentication_enable: OMIT, class_of_device: OMIT, conn_accept_timeout: OMIT, num_current_iac: OMIT, iac_lap_list: OMIT, encryption_mode: OMIT, hold_mode_activity: OMIT, inquirymode: OMIT, inquiryscan_interval: OMIT, scan_type: OMIT, inquiryscan_window: OMIT, loopback_mode: OMIT, lmp_features_bt_20_edr: OMIT, hci_version: OMIT, hci_revision: OMIT, lmp_version: OMIT, manufacturer_name_br_edr: OMIT, lmp_subversion_br_edr: OMIT, num_broadcast_retransmission: OMIT, num_support_iac: OMIT, pin_type: OMIT, pagescan_interval: OMIT, pagescan_window: OMIT, page_scan_period_mode: OMIT, page_timeout: OMIT, scan_enable: OMIT, voice_setting: OMIT, num_keys_written: OMIT, synchronous_flow_control_enable: OMIT, connection_handle: OMIT, num_keys_deleted: OMIT, link_quality: OMIT, link_policy_settings: OMIT, current_role: OMIT, flush_timeout: OMIT, hc_acl_data_packet_length: OMIT, hc_synchronous_data_packet_length: OMIT, hc_total_num_acl_data_packets: OMIT, hc_total_num_synchronous_data_packets: OMIT, failed_contact_counter: OMIT, link_supervision_timeout: OMIT, rssi_br_edr: OMIT, max_num_keys: OMIT, num_keys_read: OMIT, transmit_power_level: OMIT, local_name: OMIT, afh_mode: OMIT, afh_channel_map: OMIT, supported_commands: OMIT, clock: OMIT, accuracy: OMIT, lmp_handle: OMIT, reserved_lmp_handle: OMIT, page_number: OMIT, maximun_page_number: OMIT, extended_lmp_features: OMIT, lmp_features_bt_21: OMIT, fec_required: OMIT, extended_inquiry_response: OMIT, simple_pairing_mode: OMIT, c: OMIT, r: OMIT, tx_power: OMIT, erroneous_data_reporting: OMIT, lmp_features_bt_30: OMIT, key_size: OMIT, transmit_power_level_GFSK: OMIT, transmit_power_level_DQPSK: OMIT, transmit_power_level_8DPSK: OMIT, flow_control_mode: OMIT, max_ACL_data_packet_length: OMIT, data_block_length: OMIT, total_num_data_blocks: OMIT, LE_supported_host: OMIT, simultaneous_LE_host: OMIT, lmp_features_bt_40: OMIT, hc_le_acl_data_packet_length: OMIT, hc_total_num_le_acl_data_packets: OMIT, address: { company_assigned: '29CD00'O , company_id: '99FF56'O } , encrypted_data: OMIT, random_number: OMIT, le_features: OMIT, channel_map: OMIT, tx_power_level: OMIT, rssi_le: OMIT, lmp_features: OMIT, manufacturer_name_le: OMIT, lmp_subversion_le: OMIT, white_list_size: OMIT, le_states: OMIT} }  </LOG>
<LOG	TS= "00:00:01:575466"  TC =  "P_TCI"  TB= " LT_p_tci:[18] IP_init_iut_p_tci:[5] PR_device_addr_set_p_tci" TG= "Preliminary verdict:"> PR01: [3] (PASS) </LOG>
<LOG	TS= "00:00:01:575785"  TC =  "P_TCI"  TB= " LT_p_tci:[18] IP_init_iut_p_tci" TG= "CancelTimer:"> PR02: [11] T_guard [0] 120 s </LOG>
<LOG	TS= "00:00:01:575885"  TC =  "P_TCI"  TB= " LT_p_tci:[18] IP_init_iut_p_tci" TG= "Preliminary verdict:"> PR02: [11] (PASS) </LOG>
<LOG	TS= "00:00:01:576098"  TC =  "P_TCI"  TB= " LT_p_tci" TG= "Assign:"> [19] TCV_scan_interval := '0060'O  </LOG>
<LOG	TS= "00:00:01:576193"  TC =  "P_TCI"  TB= " LT_p_tci" TG= "Assign:"> [19] TCV_exit := 0  </LOG>
<LOG	TS= "00:00:01:577853"  TC =  "P_TCI"  TB= " LT_p_tci" TG= "Send:"> [20] TCI_HCI ! HCI_LE_SET_SCAN_PARAMETERS = PDU: { hci_opcode: { ogf: '001000'B , ocf: '0000001011'B } , parameter_total_length: '07'O , le_scan_mode: '00'O , le_scan_interval: '0060'O , le_scan_window: '0060'O , own_address_type: '00'O , scanning_filter_policy: '00'O }  </LOG>
<LOG	TS= "00:00:01:711647"  TC =  "P_TCI"  TB= " LT_p_tci" TG= "Assign:"> [21] TCV_num_hci_command_packets := '01'O  </LOG>
<LOG	TS= "00:00:01:711836"  TC =  "P_TCI"  TB= " LT_p_tci" TG= "Recv:"> [21] TCI_HCI ? HCI_COMMAND_COMPLETE_EVENT = PDU: { event_code: '0E'O , parameter_total_length: '04'O , num_hci_command_packets: '01'O , hci_opcode: { ogf: '001000'B , ocf: '0000001011'B } , return_parameters: { status: '00'O , bd_addr: OMIT, authentication_enable: OMIT, class_of_device: OMIT, conn_accept_timeout: OMIT, num_current_iac: OMIT, iac_lap_list: OMIT, encryption_mode: OMIT, hold_mode_activity: OMIT, inquirymode: OMIT, inquiryscan_interval: OMIT, scan_type: OMIT, inquiryscan_window: OMIT, loopback_mode: OMIT, lmp_features_bt_20_edr: OMIT, hci_version: OMIT, hci_revision: OMIT, lmp_version: OMIT, manufacturer_name_br_edr: OMIT, lmp_subversion_br_edr: OMIT, num_broadcast_retransmission: OMIT, num_support_iac: OMIT, pin_type: OMIT, pagescan_interval: OMIT, pagescan_window: OMIT, page_scan_period_mode: OMIT, page_timeout: OMIT, scan_enable: OMIT, voice_setting: OMIT, num_keys_written: OMIT, synchronous_flow_control_enable: OMIT, connection_handle: OMIT, num_keys_deleted: OMIT, link_quality: OMIT, link_policy_settings: OMIT, current_role: OMIT, flush_timeout: OMIT, hc_acl_data_packet_length: OMIT, hc_synchronous_data_packet_length: OMIT, hc_total_num_acl_data_packets: OMIT, hc_total_num_synchronous_data_packets: OMIT, failed_contact_counter: OMIT, link_supervision_timeout: OMIT, rssi_br_edr: OMIT, max_num_keys: OMIT, num_keys_read: OMIT, transmit_power_level: OMIT, local_name: OMIT, afh_mode: OMIT, afh_channel_map: OMIT, supported_commands: OMIT, clock: OMIT, accuracy: OMIT, lmp_handle: OMIT, reserved_lmp_handle: OMIT, page_number: OMIT, maximun_page_number: OMIT, extended_lmp_features: OMIT, lmp_features_bt_21: OMIT, fec_required: OMIT, extended_inquiry_response: OMIT, simple_pairing_mode: OMIT, c: OMIT, r: OMIT, tx_power: OMIT, erroneous_data_reporting: OMIT, lmp_features_bt_30: OMIT, key_size: OMIT, transmit_power_level_GFSK: OMIT, transmit_power_level_DQPSK: OMIT, transmit_power_level_8DPSK: OMIT, flow_control_mode: OMIT, max_ACL_data_packet_length: OMIT, data_block_length: OMIT, total_num_data_blocks: OMIT, LE_supported_host: OMIT, simultaneous_LE_host: OMIT, lmp_features_bt_40: OMIT, hc_le_acl_data_packet_length: OMIT, hc_total_num_le_acl_data_packets: OMIT, address: OMIT, encrypted_data: OMIT, random_number: OMIT, le_features: OMIT, channel_map: OMIT, tx_power_level: OMIT, rssi_le: OMIT, lmp_features: OMIT, manufacturer_name_le: OMIT, lmp_subversion_le: OMIT, white_list_size: OMIT, le_states: OMIT} }  </LOG>
<LOG	TS= "00:00:01:713860"  TC =  "P_TCI"  TB= " LT_p_tci" TG= "Send:"> [22] TCI_HCI ! HCI_LE_SET_SCAN_ENABLE = PDU: { hci_opcode: { ogf: '001000'B , ocf: '0000001100'B } , parameter_total_length: '02'O , le_scan_enable: '01'O , filter_duplicates: '00'O }  </LOG>
<LOG	TS= "00:00:01:916093"  TC =  "P_TCI"  TB= " LT_p_tci" TG= "Assign:"> [23] TCV_num_hci_command_packets := '01'O  </LOG>
<LOG	TS= "00:00:01:916298"  TC =  "P_TCI"  TB= " LT_p_tci" TG= "Recv:"> [23] TCI_HCI ? HCI_COMMAND_COMPLETE_EVENT = PDU: { event_code: '0E'O , parameter_total_length: '04'O , num_hci_command_packets: '01'O , hci_opcode: { ogf: '001000'B , ocf: '0000001100'B } , return_parameters: { status: '00'O , bd_addr: OMIT, authentication_enable: OMIT, class_of_device: OMIT, conn_accept_timeout: OMIT, num_current_iac: OMIT, iac_lap_list: OMIT, encryption_mode: OMIT, hold_mode_activity: OMIT, inquirymode: OMIT, inquiryscan_interval: OMIT, scan_type: OMIT, inquiryscan_window: OMIT, loopback_mode: OMIT, lmp_features_bt_20_edr: OMIT, hci_version: OMIT, hci_revision: OMIT, lmp_version: OMIT, manufacturer_name_br_edr: OMIT, lmp_subversion_br_edr: OMIT, num_broadcast_retransmission: OMIT, num_support_iac: OMIT, pin_type: OMIT, pagescan_interval: OMIT, pagescan_window: OMIT, page_scan_period_mode: OMIT, page_timeout: OMIT, scan_enable: OMIT, voice_setting: OMIT, num_keys_written: OMIT, synchronous_flow_control_enable: OMIT, connection_handle: OMIT, num_keys_deleted: OMIT, link_quality: OMIT, link_policy_settings: OMIT, current_role: OMIT, flush_timeout: OMIT, hc_acl_data_packet_length: OMIT, hc_synchronous_data_packet_length: OMIT, hc_total_num_acl_data_packets: OMIT, hc_total_num_synchronous_data_packets: OMIT, failed_contact_counter: OMIT, link_supervision_timeout: OMIT, rssi_br_edr: OMIT, max_num_keys: OMIT, num_keys_read: OMIT, transmit_power_level: OMIT, local_name: OMIT, afh_mode: OMIT, afh_channel_map: OMIT, supported_commands: OMIT, clock: OMIT, accuracy: OMIT, lmp_handle: OMIT, reserved_lmp_handle: OMIT, page_number: OMIT, maximun_page_number: OMIT, extended_lmp_features: OMIT, lmp_features_bt_21: OMIT, fec_required: OMIT, extended_inquiry_response: OMIT, simple_pairing_mode: OMIT, c: OMIT, r: OMIT, tx_power: OMIT, erroneous_data_reporting: OMIT, lmp_features_bt_30: OMIT, key_size: OMIT, transmit_power_level_GFSK: OMIT, transmit_power_level_DQPSK: OMIT, transmit_power_level_8DPSK: OMIT, flow_control_mode: OMIT, max_ACL_data_packet_length: OMIT, data_block_length: OMIT, total_num_data_blocks: OMIT, LE_supported_host: OMIT, simultaneous_LE_host: OMIT, lmp_features_bt_40: OMIT, hc_le_acl_data_packet_length: OMIT, hc_total_num_le_acl_data_packets: OMIT, address: OMIT, encrypted_data: OMIT, random_number: OMIT, le_features: OMIT, channel_map: OMIT, tx_power_level: OMIT, rssi_le: OMIT, lmp_features: OMIT, manufacturer_name_le: OMIT, lmp_subversion_le: OMIT, white_list_size: OMIT, le_states: OMIT} }  </LOG>
<LOG	TS= "00:00:01:916736"  TC =  "P_TCI"  TB= " LT_p_tci" TG= "Send:"> [24] CP_TCI ! CM_CONTINUE = PDU: { val: "Cm_start_advertising" }  </LOG>
<LOG	TS= "00:00:01:917853"  TC =  "MTC"  TB= " TC_ENC_SCN_BI_01:[3] LTS_loop_test" TG= "Recv:"> [11] CP_TCI ? CM_CONTINUE = PDU: { val: "Cm_start_advertising" }  </LOG>
<LOG	TS= "00:00:01:917993"  TC =  "MTC"  TB= " TC_ENC_SCN_BI_01:[3] LTS_loop_test" TG= "Send:"> [12] CP_LL ! CM_CONTINUE = PDU: { val: "Cm_start_advertising" }  </LOG>
<LOG	TS= "00:00:01:918345"  TC =  "P_LL"  TB= " LT_p_ll" TG= "Recv:"> [39] CP_LL ? CM_CONTINUE = PDU: { val: "Cm_start_advertising" }  </LOG>
<LOG	TS= "00:00:01:918465"  TC =  "P_LL"  TB= " LT_p_ll" TG= "Assign:"> [40] TCV_advertising_timer := 6000  </LOG>
<LOG	TS= "00:00:01:920547"  TC =  "P_LL"  TB= " LT_p_ll:[41] LTS_advertising_configuration_p_ll" TG= "Send:"> [42] LL ! LL_LC_ADVERTISE_PARAMETERS_REQ = PDU: { lilcld: '2000'O , length: '16'O , accaddrGen: '01'O , advInterval: '0020'O , advEventType: '03'O , advAddrType: '00'O , iniAddrType: '00'O , advAddr: { company_assigned: '123456'O , company_id: '123456'O } , iniAddr: { company_assigned: '29CD00'O , company_id: '99FF56'O } , crc: '00'O }  </LOG>
<LOG	TS= "00:00:01:924317"  TC =  "P_LL"  TB= " LT_p_ll:[41] LTS_advertising_configuration_p_ll" TG= "Recv:"> [43] LL ? LL_LC_ADVERTISE_PARAMETERS_CFM = PDU: { lilcld: '2001'O , length: '04'O , confirmInd: '00'O }  </LOG>
<LOG	TS= "00:00:01:925944"  TC =  "P_LL"  TB= " LT_p_ll:[41] LTS_advertising_configuration_p_ll" TG= "Send:"> [44] LL ! LL_LC_ADVERTISE_CHANNEL_MAP_REQ = PDU: { lilcld: '2002'O , length: '04'O , advChannelMap: '01'O }  </LOG>
<LOG	TS= "00:00:01:927805"  TC =  "P_LL"  TB= " LT_p_ll:[41] LTS_advertising_configuration_p_ll" TG= "Recv:"> [45] LL ? LL_LC_ADVERTISE_CHANNEL_MAP_CFM = PDU: { lilcld: '2003'O , length: '04'O , confirmInd: '00'O }  </LOG>
<LOG	TS= "00:00:01:929546"  TC =  "P_LL"  TB= " LT_p_ll:[41] LTS_advertising_configuration_p_ll" TG= "Send:"> [46] LL ! LL_LC_ADVERTISE_DATA_REQ = PDU: { lilcld: '2004'O , length: '05'O , advDataLength: '01'O , advData: '01'O }  </LOG>
<LOG	TS= "00:00:01:933280"  TC =  "P_LL"  TB= " LT_p_ll:[41] LTS_advertising_configuration_p_ll" TG= "Recv:"> [47] LL ? LL_LC_ADVERTISE_DATA_CFM = PDU: { lilcld: '2005'O , length: '04'O , confirmInd: '00'O }  </LOG>
<LOG	TS= "00:00:01:935202"  TC =  "P_LL"  TB= " LT_p_ll:[41] LTS_advertising_configuration_p_ll" TG= "Send:"> [48] LL ! LL_LC_ADVERTISING_MODE_REQ = PDU: { lilcld: '200D'O , length: '04'O , advStatus: '00'O }  </LOG>
<LOG	TS= "00:00:01:935394"  TC =  "P_LL"  TB= " LT_p_ll:[41] LTS_advertising_configuration_p_ll" TG= "StartTimer:"> [48] T_wait [0] 6000 ms </LOG>
<LOG	TS= "00:00:01:937353"  TC =  "P_LL"  TB= " LT_p_ll:[41] LTS_advertising_configuration_p_ll" TG= "Recv:"> [49] LL ? LL_LC_ADVERTISING_MODE_CFM = PDU: { lilcld: '200E'O , length: '04'O , confirmInd: '00'O }  </LOG>
<LOG	TS= "00:00:07:936740"  TC =  "P_LL"  TB= " LT_p_ll:[41] LTS_advertising_configuration_p_ll" TG= "Timed out Timer:"> T_wait </LOG>
<LOG	TS= "00:00:07:938497"  TC =  "P_LL"  TB= " LT_p_ll:[41] LTS_advertising_configuration_p_ll" TG= "TimeOut:"> [50] T_wait [0] 6000 ms </LOG>
<LOG	TS= "00:00:07:940060"  TC =  "P_LL"  TB= " LT_p_ll:[41] LTS_advertising_configuration_p_ll" TG= "Send:"> [51] LL ! LL_LC_ADVERTISING_MODE_REQ = PDU: { lilcld: '200D'O , length: '04'O , advStatus: '01'O }  </LOG>
<LOG	TS= "00:00:07:942641"  TC =  "P_LL"  TB= " LT_p_ll:[41] LTS_advertising_configuration_p_ll" TG= "Recv:"> [52] LL ? LL_LC_ADVERTISING_MODE_CFM = PDU: { lilcld: '200E'O , length: '04'O , confirmInd: '00'O }  </LOG>
<LOG	TS= "00:00:07:942777"  TC =  "P_LL"  TB= " LT_p_ll:[41] LTS_advertising_configuration_p_ll" TG= "Send:"> TB05: [53] CP_LL ! CM_CONTINUE = PDU: { val: "Cm_advertising_stopped" }  </LOG>
<LOG	TS= "00:00:07:942858"  TC =  "P_LL"  TB= " LT_p_ll:[41] LTS_advertising_configuration_p_ll" TG= "Preliminary verdict:"> TB05: [53] (PASS) </LOG>
<LOG	TS= "00:00:07:942949"  TC =  "P_LL"  TB= " LT_p_ll:[41] LTS_advertising_configuration_p_ll" TG= "GciLogStopPTC"> TC_ENC_SCN_BI_01::LT_p_ll </LOG>
<LOG	TS= "00:00:07:945023"  TC =  "MTC"  TB= " TC_ENC_SCN_BI_01:[3] LTS_loop_test" TG= "Recv:"> [13] CP_LL ? CM_CONTINUE = PDU: { val: "Cm_advertising_stopped" }  </LOG>
<LOG	TS= "00:00:07:945157"  TC =  "MTC"  TB= " TC_ENC_SCN_BI_01:[3] LTS_loop_test" TG= "Send:"> [14] CP_TCI ! CM_CONTINUE = PDU: { val: "Cm_advertising_stopped" }  </LOG>
<LOG	TS= "00:00:07:945844"  TC =  "P_TCI"  TB= " LT_p_tci:[25] LTS_start_p_tci" TG= "Recv:"> EVENT_RX: [27] CP_TCI ? CM_CONTINUE = PDU: { val: "Cm_advertising_stopped" }  </LOG>
<LOG	TS= "00:00:07:945947"  TC =  "P_TCI"  TB= " LT_p_tci:[25] LTS_start_p_tci" TG= "Assign:"> TB03: [28] TCV_exit := 0  </LOG>
<LOG	TS= "00:00:07:946024"  TC =  "P_TCI"  TB= " LT_p_tci:[25] LTS_start_p_tci" TG= "Preliminary verdict:"> TB03: [28] (PASS) </LOG>
<LOG	TS= "00:00:07:947749"  TC =  "P_TCI"  TB= " LT_p_tci:[26] LTS_postamble_p_tci" TG= "Send:"> [34] TCI_HCI ! HCI_LE_SET_SCAN_ENABLE = PDU: { hci_opcode: { ogf: '001000'B , ocf: '0000001100'B } , parameter_total_length: '02'O , le_scan_enable: '00'O , filter_duplicates: '00'O }  </LOG>
<LOG	TS= "00:00:08:088186"  TC =  "P_TCI"  TB= " LT_p_tci:[26] LTS_postamble_p_tci" TG= "Assign:"> [35] TCV_num_hci_command_packets := '01'O  </LOG>
<LOG	TS= "00:00:08:088513"  TC =  "P_TCI"  TB= " LT_p_tci:[26] LTS_postamble_p_tci" TG= "Recv:"> [35] TCI_HCI ? HCI_COMMAND_COMPLETE_EVENT = PDU: { event_code: '0E'O , parameter_total_length: '04'O , num_hci_command_packets: '01'O , hci_opcode: { ogf: '001000'B , ocf: '0000001100'B } , return_parameters: { status: '00'O , bd_addr: OMIT, authentication_enable: OMIT, class_of_device: OMIT, conn_accept_timeout: OMIT, num_current_iac: OMIT, iac_lap_list: OMIT, encryption_mode: OMIT, hold_mode_activity: OMIT, inquirymode: OMIT, inquiryscan_interval: OMIT, scan_type: OMIT, inquiryscan_window: OMIT, loopback_mode: OMIT, lmp_features_bt_20_edr: OMIT, hci_version: OMIT, hci_revision: OMIT, lmp_version: OMIT, manufacturer_name_br_edr: OMIT, lmp_subversion_br_edr: OMIT, num_broadcast_retransmission: OMIT, num_support_iac: OMIT, pin_type: OMIT, pagescan_interval: OMIT, pagescan_window: OMIT, page_scan_period_mode: OMIT, page_timeout: OMIT, scan_enable: OMIT, voice_setting: OMIT, num_keys_written: OMIT, synchronous_flow_control_enable: OMIT, connection_handle: OMIT, num_keys_deleted: OMIT, link_quality: OMIT, link_policy_settings: OMIT, current_role: OMIT, flush_timeout: OMIT, hc_acl_data_packet_length: OMIT, hc_synchronous_data_packet_length: OMIT, hc_total_num_acl_data_packets: OMIT, hc_total_num_synchronous_data_packets: OMIT, failed_contact_counter: OMIT, link_supervision_timeout: OMIT, rssi_br_edr: OMIT, max_num_keys: OMIT, num_keys_read: OMIT, transmit_power_level: OMIT, local_name: OMIT, afh_mode: OMIT, afh_channel_map: OMIT, supported_commands: OMIT, clock: OMIT, accuracy: OMIT, lmp_handle: OMIT, reserved_lmp_handle: OMIT, page_number: OMIT, maximun_page_number: OMIT, extended_lmp_features: OMIT, lmp_features_bt_21: OMIT, fec_required: OMIT, extended_inquiry_response: OMIT, simple_pairing_mode: OMIT, c: OMIT, r: OMIT, tx_power: OMIT, erroneous_data_reporting: OMIT, lmp_features_bt_30: OMIT, key_size: OMIT, transmit_power_level_GFSK: OMIT, transmit_power_level_DQPSK: OMIT, transmit_power_level_8DPSK: OMIT, flow_control_mode: OMIT, max_ACL_data_packet_length: OMIT, data_block_length: OMIT, total_num_data_blocks: OMIT, LE_supported_host: OMIT, simultaneous_LE_host: OMIT, lmp_features_bt_40: OMIT, hc_le_acl_data_packet_length: OMIT, hc_total_num_le_acl_data_packets: OMIT, address: OMIT, encrypted_data: OMIT, random_number: OMIT, le_features: OMIT, channel_map: OMIT, tx_power_level: OMIT, rssi_le: OMIT, lmp_features: OMIT, manufacturer_name_le: OMIT, lmp_subversion_le: OMIT, white_list_size: OMIT, le_states: OMIT} }  </LOG>
<LOG	TS= "00:00:08:088894"  TC =  "P_TCI"  TB= " LT_p_tci:[26] LTS_postamble_p_tci" TG= "GciLogStopPTC"> TC_ENC_SCN_BI_01::LT_p_tci </LOG>
<LOG	TS= "00:00:08:090377"  TC =  "MTC"  TB= " TC_ENC_SCN_BI_01:[3] LTS_loop_test" TG= "Preliminary verdict:"> TB02: [15] (PASS) </LOG>
<LOG	TS= "00:00:08:090515"  TC =  "MTC"  TB= " TC_ENC_SCN_BI_01:[3] LTS_loop_test" TG= "Assign:"> [16] TCV_test_repetition_counter := 2  </LOG>
<LOG	TS= "00:00:08:090773"  TC =  "MTC"  TB= " TC_ENC_SCN_BI_01:[3] LTS_loop_test:[5] TS_define_test_param_enc_scn_bi_01_mtc" TG= "Assign:"> [4] TCV_adv_acc_addr := '02'O  </LOG>
<LOG	TS= "00:00:08:092036"  TC =  "MTC"  TB= " TC_ENC_SCN_BI_01:[3] LTS_loop_test" TG= "Create:"> [7] CREATE P_LL:TC_ENC_SCN_BI_01::LT_p_ll( [ '03'O , '02'O ]  ) </LOG>
<LOG	TS= "00:00:08:092526"  TC =  "MTC"  TB= " TC_ENC_SCN_BI_01:[3] LTS_loop_test" TG= "GciLogStartPTC"> TC_ENC_SCN_BI_01::LT_p_ll </LOG>
<LOG	TS= "00:00:08:092834"  TC =  "P_LL"  TB= " LT_p_ll:[37] IP_tester_p_ll" TG= "StartTimer:"> [1] T_guard [0] 120 s </LOG>
<LOG	TS= "00:00:08:094505"  TC =  "P_LL"  TB= " LT_p_ll:[37] IP_tester_p_ll" TG= "Send:"> [2] LL ! LL_LC_RESET_REQ = PDU: { lilcld: '0000'O , length: '03'O }  </LOG>
<LOG	TS= "00:00:08:096419"  TC =  "P_LL"  TB= " LT_p_ll:[37] IP_tester_p_ll" TG= "Recv:"> [3] LL ? LL_LC_RESET_CFM = PDU: { lilcld: '0001'O , length: '04'O , confirmInd: '00'O }  </LOG>
<LOG	TS= "00:00:08:098223"  TC =  "P_LL"  TB= " LT_p_ll:[37] IP_tester_p_ll" TG= "Send:"> [4] LL ! LL_LC_SET_TESTER_NAME_REQ = PDU: { lilcld: '1002'O , length: '06'O , nameLength: '02'O , name: '4C54'O }  </LOG>
<LOG	TS= "00:00:08:099942"  TC =  "P_LL"  TB= " LT_p_ll:[37] IP_tester_p_ll" TG= "Recv:"> [5] LL ? LL_LC_SET_TESTER_NAME_CFM = PDU: { lilcld: '1003'O , length: '04'O , confirmInd: '00'O }  </LOG>
<LOG	TS= "00:00:08:102024"  TC =  "P_LL"  TB= " LT_p_ll:[37] IP_tester_p_ll" TG= "Send:"> [6] LL ! LL_LC_SET_DEVICE_ADDRESS_REQ = PDU: { lilcld: '1004'O , length: '09'O , publicAddress: { company_assigned: '123456'O , company_id: '123456'O } }  </LOG>
<LOG	TS= "00:00:08:103838"  TC =  "P_LL"  TB= " LT_p_ll:[37] IP_tester_p_ll" TG= "Recv:"> [7] LL ? LL_LC_SET_DEVICE_ADDRESS_CFM = PDU: { lilcld: '1005'O , length: '04'O , confirmInd: '00'O }  </LOG>
<LOG	TS= "00:00:08:105507"  TC =  "P_LL"  TB= " LT_p_ll:[37] IP_tester_p_ll" TG= "Send:"> [8] LL ! LL_LC_ADD_REMOTE_DEVICE_ADDRESS_REQ = PDU: { lilcld: '1006'O , length: '0A'O , addressType: '00'O , deviceAddress: { company_assigned: '29CD00'O , company_id: '99FF56'O } }  </LOG>
<LOG	TS= "00:00:08:107466"  TC =  "P_LL"  TB= " LT_p_ll:[37] IP_tester_p_ll" TG= "Recv:"> [9] LL ? LL_LC_ADD_REMOTE_DEVICE_ADDRESS_CFM = PDU: { lilcld: '1007'O , length: '04'O , confirmInd: '00'O }  </LOG>
<LOG	TS= "00:00:08:107607"  TC =  "P_LL"  TB= " LT_p_ll:[37] IP_tester_p_ll" TG= "CancelTimer:"> [10] T_guard [0] 120 s </LOG>
<LOG	TS= "00:00:08:107753"  TC =  "P_LL"  TB= " LT_p_ll" TG= "Send:"> [38] CP_LL ! CM_CONTINUE = PDU: { val: "Cm_continue_test_on_mtc" }  </LOG>
<LOG	TS= "00:00:08:108451"  TC =  "MTC"  TB= " TC_ENC_SCN_BI_01:[3] LTS_loop_test" TG= "Recv:"> [8] CP_LL ? CM_CONTINUE = PDU: { val: "Cm_continue_test_on_mtc" }  </LOG>
<LOG	TS= "00:00:08:109701"  TC =  "MTC"  TB= " TC_ENC_SCN_BI_01:[3] LTS_loop_test" TG= "Create:"> [9] CREATE P_TCI:TC_ENC_SCN_BI_01::LT_p_tci( [ '03'O ]  ) </LOG>
<LOG	TS= "00:00:08:110119"  TC =  "MTC"  TB= " TC_ENC_SCN_BI_01:[3] LTS_loop_test" TG= "GciLogStartPTC"> TC_ENC_SCN_BI_01::LT_p_tci </LOG>
<LOG	TS= "00:00:08:110755"  TC =  "P_TCI"  TB= " LT_p_tci:[18] IP_init_iut_p_tci" TG= "StartTimer:"> [1] T_guard [0] 120 s </LOG>
<LOG	TS= "00:00:08:112245"  TC =  "P_TCI"  TB= " LT_p_tci:[18] IP_init_iut_p_tci:[2] LTS_reset" TG= "Send:"> [12] TCI_HCI ! HCI_RESET = PDU: { hci_opcode: { ogf: '000011'B , ocf: '0000000011'B } , parameter_total_length: '00'O }  </LOG>
<LOG	TS= "00:00:08:339085"  TC =  "P_TCI"  TB= " LT_p_tci:[18] IP_init_iut_p_tci:[2] LTS_reset" TG= "Assign:"> [13] TCV_num_hci_command_packets := '00'O  </LOG>
<LOG	TS= "00:00:08:339247"  TC =  "P_TCI"  TB= " LT_p_tci:[18] IP_init_iut_p_tci:[2] LTS_reset" TG= "Recv:"> [13] TCI_HCI ? HCI_COMMAND_COMPLETE_EVENT = PDU: { event_code: '0E'O , parameter_total_length: '04'O , num_hci_command_packets: '00'O , hci_opcode: { ogf: '000011'B , ocf: '0000000011'B } , return_parameters: { status: '00'O , bd_addr: OMIT, authentication_enable: OMIT, class_of_device: OMIT, conn_accept_timeout: OMIT, num_current_iac: OMIT, iac_lap_list: OMIT, encryption_mode: OMIT, hold_mode_activity: OMIT, inquirymode: OMIT, inquiryscan_interval: OMIT, scan_type: OMIT, inquiryscan_window: OMIT, loopback_mode: OMIT, lmp_features_bt_20_edr: OMIT, hci_version: OMIT, hci_revision: OMIT, lmp_version: OMIT, manufacturer_name_br_edr: OMIT, lmp_subversion_br_edr: OMIT, num_broadcast_retransmission: OMIT, num_support_iac: OMIT, pin_type: OMIT, pagescan_interval: OMIT, pagescan_window: OMIT, page_scan_period_mode: OMIT, page_timeout: OMIT, scan_enable: OMIT, voice_setting: OMIT, num_keys_written: OMIT, synchronous_flow_control_enable: OMIT, connection_handle: OMIT, num_keys_deleted: OMIT, link_quality: OMIT, link_policy_settings: OMIT, current_role: OMIT, flush_timeout: OMIT, hc_acl_data_packet_length: OMIT, hc_synchronous_data_packet_length: OMIT, hc_total_num_acl_data_packets: OMIT, hc_total_num_synchronous_data_packets: OMIT, failed_contact_counter: OMIT, link_supervision_timeout: OMIT, rssi_br_edr: OMIT, max_num_keys: OMIT, num_keys_read: OMIT, transmit_power_level: OMIT, local_name: OMIT, afh_mode: OMIT, afh_channel_map: OMIT, supported_commands: OMIT, clock: OMIT, accuracy: OMIT, lmp_handle: OMIT, reserved_lmp_handle: OMIT, page_number: OMIT, maximun_page_number: OMIT, extended_lmp_features: OMIT, lmp_features_bt_21: OMIT, fec_required: OMIT, extended_inquiry_response: OMIT, simple_pairing_mode: OMIT, c: OMIT, r: OMIT, tx_power: OMIT, erroneous_data_reporting: OMIT, lmp_features_bt_30: OMIT, key_size: OMIT, transmit_power_level_GFSK: OMIT, transmit_power_level_DQPSK: OMIT, transmit_power_level_8DPSK: OMIT, flow_control_mode: OMIT, max_ACL_data_packet_length: OMIT, data_block_length: OMIT, total_num_data_blocks: OMIT, LE_supported_host: OMIT, simultaneous_LE_host: OMIT, lmp_features_bt_40: OMIT, hc_le_acl_data_packet_length: OMIT, hc_total_num_le_acl_data_packets: OMIT, address: OMIT, encrypted_data: OMIT, random_number: OMIT, le_features: OMIT, channel_map: OMIT, tx_power_level: OMIT, rssi_le: OMIT, lmp_features: OMIT, manufacturer_name_le: OMIT, lmp_subversion_le: OMIT, white_list_size: OMIT, le_states: OMIT} }  </LOG>
<LOG	TS= "00:00:08:341245"  TC =  "P_TCI"  TB= " LT_p_tci:[18] IP_init_iut_p_tci:[3] LTS_read_local_supported_features" TG= "Send:"> [14] TCI_HCI ! HCI_READ_LOCAL_SUPPORTED_FEATURES = PDU: { hci_opcode: { ogf: '000100'B , ocf: '0000000011'B } , parameter_total_length: '00'O }  </LOG>
<LOG	TS= "00:00:08:533099"  TC =  "P_TCI"  TB= " LT_p_tci:[18] IP_init_iut_p_tci:[3] LTS_read_local_supported_features" TG= "Assign:"> PR03: [15] TCV_num_hci_command_packets := '01'O  </LOG>
<LOG	TS= "00:00:08:533323"  TC =  "P_TCI"  TB= " LT_p_tci:[18] IP_init_iut_p_tci:[3] LTS_read_local_supported_features" TG= "Recv:"> PR03: [15] TCI_HCI ? HCI_COMMAND_COMPLETE_EVENT = PDU: { event_code: '0E'O , parameter_total_length: '0C'O , num_hci_command_packets: '01'O , hci_opcode: { ogf: '000100'B , ocf: '0000000011'B } , return_parameters: { status: '00'O , bd_addr: OMIT, authentication_enable: OMIT, class_of_device: OMIT, conn_accept_timeout: OMIT, num_current_iac: OMIT, iac_lap_list: OMIT, encryption_mode: OMIT, hold_mode_activity: OMIT, inquirymode: OMIT, inquiryscan_interval: OMIT, scan_type: OMIT, inquiryscan_window: OMIT, loopback_mode: OMIT, lmp_features_bt_20_edr: OMIT, hci_version: OMIT, hci_revision: OMIT, lmp_version: OMIT, manufacturer_name_br_edr: OMIT, lmp_subversion_br_edr: OMIT, num_broadcast_retransmission: OMIT, num_support_iac: OMIT, pin_type: OMIT, pagescan_interval: OMIT, pagescan_window: OMIT, page_scan_period_mode: OMIT, page_timeout: OMIT, scan_enable: OMIT, voice_setting: OMIT, num_keys_written: OMIT, synchronous_flow_control_enable: OMIT, connection_handle: OMIT, num_keys_deleted: OMIT, link_quality: OMIT, link_policy_settings: OMIT, current_role: OMIT, flush_timeout: OMIT, hc_acl_data_packet_length: OMIT, hc_synchronous_data_packet_length: OMIT, hc_total_num_acl_data_packets: OMIT, hc_total_num_synchronous_data_packets: OMIT, failed_contact_counter: OMIT, link_supervision_timeout: OMIT, rssi_br_edr: OMIT, max_num_keys: OMIT, num_keys_read: OMIT, transmit_power_level: OMIT, local_name: OMIT, afh_mode: OMIT, afh_channel_map: OMIT, supported_commands: OMIT, clock: OMIT, accuracy: OMIT, lmp_handle: OMIT, reserved_lmp_handle: OMIT, page_number: OMIT, maximun_page_number: OMIT, extended_lmp_features: OMIT, lmp_features_bt_21: OMIT, fec_required: OMIT, extended_inquiry_response: OMIT, simple_pairing_mode: OMIT, c: OMIT, r: OMIT, tx_power: OMIT, erroneous_data_reporting: OMIT, lmp_features_bt_30: OMIT, key_size: OMIT, transmit_power_level_GFSK: OMIT, transmit_power_level_DQPSK: OMIT, transmit_power_level_8DPSK: OMIT, flow_control_mode: OMIT, max_ACL_data_packet_length: OMIT, data_block_length: OMIT, total_num_data_blocks: OMIT, LE_supported_host: OMIT, simultaneous_LE_host: OMIT, lmp_features_bt_40: OMIT, hc_le_acl_data_packet_length: OMIT, hc_total_num_le_acl_data_packets: OMIT, address: OMIT, encrypted_data: OMIT, random_number: OMIT, le_features: OMIT, channel_map: OMIT, tx_power_level: OMIT, rssi_le: OMIT, lmp_features: { three_slot_packets: '0'B , five_slot_packets: '0'B , encryption: '0'B , slot_offset: '0'B , timing_accuracy: '0'B , switch: '0'B , hold_mode: '0'B , sniff_mode: '0'B , park_state: '0'B , power_control_requests: '0'B , channel_quality_driven_data_rate: '0'B , sco_link: '0'B , hv2_packets: '0'B , hv3_packets: '0'B , u_law_log: '0'B , a_law_log: '0'B , cvsd: '0'B , paging_parameter_negotiation: '0'B , power_control: '0'B , transparent_synchronous_data: '0'B , flow_control_lag_bit0: '0'B , flow_control_lag_bit1: '0'B , flow_control_lag_bit2: '0'B , broadcast_encryption: '0'B , reserved_1: '0'B , enhanced_data_rate_ACL_2_Mbps: '0'B , enhanced_data_rate_ACL_3_Mbps: '0'B , enhanced_inquiry_scan: '0'B , interlaced_inquiry_scan: '0'B , interlaced_page_scan: '0'B , RSSI_with_inquiry_results: '0'B , extended_SCO_link_EV3_packets: '0'B , EV4_packets: '0'B , EV5_packets: '0'B , reserved_2: '0'B , AFH_capable_slave: '0'B , AFH_classification_slave: '0'B , reserved_3: '0'B , reserved_4: '0'B , three_slot_enhanced_data_rate_ACL_packets: '0'B , five_slot_enhanced_data_rate_ACL_packets: '0'B , sniff_subrating: '0'B , pause_encryption: '0'B , AFH_capable_master: '0'B , AFH_classification_master: '0'B , enhanced_data_rate_eSCO_2_Mbps: '0'B , enhanced_data_rate_eSCO_3_Mbps: '0'B , three_slot_enhanced_data_rate_eSCO_packets: '0'B , extended_inquiry_response: '0'B , byte6_bit1: '0'B , byte6_bit2: '0'B , secure_simple_pairing: '0'B , encapsulated_pdu: '0'B , erroneous_data: '0'B , non_flushable_packet_boundary_flag: '0'B , byte6_bit7: '0'B , link_supervision_timeout_changed_event: '0'B , inquiry_tx_power_level: '0'B , byte7_bit2: '0'B , byte7_bit3: '0'B , byte7_bit4: '0'B , byte7_bit5: '0'B , byte7_bit6: '0'B , extended_features: '0'B } , manufacturer_name_le: OMIT, lmp_subversion_le: OMIT, white_list_size: OMIT, le_states: OMIT} }  </LOG>
<LOG	TS= "00:00:08:533988"  TC =  "P_TCI"  TB= " LT_p_tci:[18] IP_init_iut_p_tci:[3] LTS_read_local_supported_features" TG= "Preliminary verdict:"> PR03: [15] (PASS) </LOG>
<LOG	TS= "00:00:08:535655"  TC =  "P_TCI"  TB= " LT_p_tci:[18] IP_init_iut_p_tci:[4] LTS_set_event_mask" TG= "Send:"> [16] TCI_HCI ! HCI_SET_EVENT_MASK = PDU: { hci_opcode: { ogf: '000011'B , ocf: '0000000001'B } , parameter_total_length: '08'O , event_mask: '2000800000018890'O }  </LOG>
<LOG	TS= "00:00:08:652587"  TC =  "P_TCI"  TB= " LT_p_tci:[18] IP_init_iut_p_tci:[4] LTS_set_event_mask" TG= "Assign:"> [17] TCV_num_hci_command_packets := '01'O  </LOG>
<LOG	TS= "00:00:08:652754"  TC =  "P_TCI"  TB= " LT_p_tci:[18] IP_init_iut_p_tci:[4] LTS_set_event_mask" TG= "Recv:"> [17] TCI_HCI ? HCI_COMMAND_COMPLETE_EVENT = PDU: { event_code: '0E'O , parameter_total_length: '04'O , num_hci_command_packets: '01'O , hci_opcode: { ogf: '000011'B , ocf: '0000000001'B } , return_parameters: { status: '00'O , bd_addr: OMIT, authentication_enable: OMIT, class_of_device: OMIT, conn_accept_timeout: OMIT, num_current_iac: OMIT, iac_lap_list: OMIT, encryption_mode: OMIT, hold_mode_activity: OMIT, inquirymode: OMIT, inquiryscan_interval: OMIT, scan_type: OMIT, inquiryscan_window: OMIT, loopback_mode: OMIT, lmp_features_bt_20_edr: OMIT, hci_version: OMIT, hci_revision: OMIT, lmp_version: OMIT, manufacturer_name_br_edr: OMIT, lmp_subversion_br_edr: OMIT, num_broadcast_retransmission: OMIT, num_support_iac: OMIT, pin_type: OMIT, pagescan_interval: OMIT, pagescan_window: OMIT, page_scan_period_mode: OMIT, page_timeout: OMIT, scan_enable: OMIT, voice_setting: OMIT, num_keys_written: OMIT, synchronous_flow_control_enable: OMIT, connection_handle: OMIT, num_keys_deleted: OMIT, link_quality: OMIT, link_policy_settings: OMIT, current_role: OMIT, flush_timeout: OMIT, hc_acl_data_packet_length: OMIT, hc_synchronous_data_packet_length: OMIT, hc_total_num_acl_data_packets: OMIT, hc_total_num_synchronous_data_packets: OMIT, failed_contact_counter: OMIT, link_supervision_timeout: OMIT, rssi_br_edr: OMIT, max_num_keys: OMIT, num_keys_read: OMIT, transmit_power_level: OMIT, local_name: OMIT, afh_mode: OMIT, afh_channel_map: OMIT, supported_commands: OMIT, clock: OMIT, accuracy: OMIT, lmp_handle: OMIT, reserved_lmp_handle: OMIT, page_number: OMIT, maximun_page_number: OMIT, extended_lmp_features: OMIT, lmp_features_bt_21: OMIT, fec_required: OMIT, extended_inquiry_response: OMIT, simple_pairing_mode: OMIT, c: OMIT, r: OMIT, tx_power: OMIT, erroneous_data_reporting: OMIT, lmp_features_bt_30: OMIT, key_size: OMIT, transmit_power_level_GFSK: OMIT, transmit_power_level_DQPSK: OMIT, transmit_power_level_8DPSK: OMIT, flow_control_mode: OMIT, max_ACL_data_packet_length: OMIT, data_block_length: OMIT, total_num_data_blocks: OMIT, LE_supported_host: OMIT, simultaneous_LE_host: OMIT, lmp_features_bt_40: OMIT, hc_le_acl_data_packet_length: OMIT, hc_total_num_le_acl_data_packets: OMIT, address: OMIT, encrypted_data: OMIT, random_number: OMIT, le_features: OMIT, channel_map: OMIT, tx_power_level: OMIT, rssi_le: OMIT, lmp_features: OMIT, manufacturer_name_le: OMIT, lmp_subversion_le: OMIT, white_list_size: OMIT, le_states: OMIT} }  </LOG>
<LOG	TS= "00:00:08:654671"  TC =  "P_TCI"  TB= " LT_p_tci:[18] IP_init_iut_p_tci:[4] LTS_set_event_mask" TG= "Send:"> [18] TCI_HCI ! HCI_LE_SET_EVENT_MASK = PDU: { hci_opcode: { ogf: '001000'B , ocf: '0000000001'B } , parameter_total_length: '08'O , LE_event_mask: '000000000000001F'O }  </LOG>
<LOG	TS= "00:00:08:775377"  TC =  "P_TCI"  TB= " LT_p_tci:[18] IP_init_iut_p_tci:[4] LTS_set_event_mask" TG= "Assign:"> [19] TCV_num_hci_command_packets := '01'O  </LOG>
<LOG	TS= "00:00:08:775558"  TC =  "P_TCI"  TB= " LT_p_tci:[18] IP_init_iut_p_tci:[4] LTS_set_event_mask" TG= "Recv:"> [19] TCI_HCI ? HCI_COMMAND_COMPLETE_EVENT = PDU: { event_code: '0E'O , parameter_total_length: '04'O , num_hci_command_packets: '01'O , hci_opcode: { ogf: '001000'B , ocf: '0000000001'B } , return_parameters: { status: '00'O , bd_addr: OMIT, authentication_enable: OMIT, class_of_device: OMIT, conn_accept_timeout: OMIT, num_current_iac: OMIT, iac_lap_list: OMIT, encryption_mode: OMIT, hold_mode_activity: OMIT, inquirymode: OMIT, inquiryscan_interval: OMIT, scan_type: OMIT, inquiryscan_window: OMIT, loopback_mode: OMIT, lmp_features_bt_20_edr: OMIT, hci_version: OMIT, hci_revision: OMIT, lmp_version: OMIT, manufacturer_name_br_edr: OMIT, lmp_subversion_br_edr: OMIT, num_broadcast_retransmission: OMIT, num_support_iac: OMIT, pin_type: OMIT, pagescan_interval: OMIT, pagescan_window: OMIT, page_scan_period_mode: OMIT, page_timeout: OMIT, scan_enable: OMIT, voice_setting: OMIT, num_keys_written: OMIT, synchronous_flow_control_enable: OMIT, connection_handle: OMIT, num_keys_deleted: OMIT, link_quality: OMIT, link_policy_settings: OMIT, current_role: OMIT, flush_timeout: OMIT, hc_acl_data_packet_length: OMIT, hc_synchronous_data_packet_length: OMIT, hc_total_num_acl_data_packets: OMIT, hc_total_num_synchronous_data_packets: OMIT, failed_contact_counter: OMIT, link_supervision_timeout: OMIT, rssi_br_edr: OMIT, max_num_keys: OMIT, num_keys_read: OMIT, transmit_power_level: OMIT, local_name: OMIT, afh_mode: OMIT, afh_channel_map: OMIT, supported_commands: OMIT, clock: OMIT, accuracy: OMIT, lmp_handle: OMIT, reserved_lmp_handle: OMIT, page_number: OMIT, maximun_page_number: OMIT, extended_lmp_features: OMIT, lmp_features_bt_21: OMIT, fec_required: OMIT, extended_inquiry_response: OMIT, simple_pairing_mode: OMIT, c: OMIT, r: OMIT, tx_power: OMIT, erroneous_data_reporting: OMIT, lmp_features_bt_30: OMIT, key_size: OMIT, transmit_power_level_GFSK: OMIT, transmit_power_level_DQPSK: OMIT, transmit_power_level_8DPSK: OMIT, flow_control_mode: OMIT, max_ACL_data_packet_length: OMIT, data_block_length: OMIT, total_num_data_blocks: OMIT, LE_supported_host: OMIT, simultaneous_LE_host: OMIT, lmp_features_bt_40: OMIT, hc_le_acl_data_packet_length: OMIT, hc_total_num_le_acl_data_packets: OMIT, address: OMIT, encrypted_data: OMIT, random_number: OMIT, le_features: OMIT, channel_map: OMIT, tx_power_level: OMIT, rssi_le: OMIT, lmp_features: OMIT, manufacturer_name_le: OMIT, lmp_subversion_le: OMIT, white_list_size: OMIT, le_states: OMIT} }  </LOG>
<LOG	TS= "00:00:08:777520"  TC =  "P_TCI"  TB= " LT_p_tci:[18] IP_init_iut_p_tci:[5] PR_device_addr_set_p_tci" TG= "Send:"> [2] TCI_HCI ! HCI_READ_BD_ADDR = PDU: { hci_opcode: { ogf: '000100'B , ocf: '0000001001'B } , parameter_total_length: '00'O }  </LOG>
<LOG	TS= "00:00:08:903013"  TC =  "P_TCI"  TB= " LT_p_tci:[18] IP_init_iut_p_tci:[5] PR_device_addr_set_p_tci" TG= "Assign:"> PR01: [3] TCV_num_hci_command_packets := '01'O  </LOG>
<LOG	TS= "00:00:08:903207"  TC =  "P_TCI"  TB= " LT_p_tci:[18] IP_init_iut_p_tci:[5] PR_device_addr_set_p_tci" TG= "Recv:"> PR01: [3] TCI_HCI ? HCI_COMMAND_COMPLETE_EVENT = PDU: { event_code: '0E'O , parameter_total_length: '0A'O , num_hci_command_packets: '01'O , hci_opcode: { ogf: '000100'B , ocf: '0000001001'B } , return_parameters: { status: '00'O , bd_addr: OMIT, authentication_enable: OMIT, class_of_device: OMIT, conn_accept_timeout: OMIT, num_current_iac: OMIT, iac_lap_list: OMIT, encryption_mode: OMIT, hold_mode_activity: OMIT, inquirymode: OMIT, inquiryscan_interval: OMIT, scan_type: OMIT, inquiryscan_window: OMIT, loopback_mode: OMIT, lmp_features_bt_20_edr: OMIT, hci_version: OMIT, hci_revision: OMIT, lmp_version: OMIT, manufacturer_name_br_edr: OMIT, lmp_subversion_br_edr: OMIT, num_broadcast_retransmission: OMIT, num_support_iac: OMIT, pin_type: OMIT, pagescan_interval: OMIT, pagescan_window: OMIT, page_scan_period_mode: OMIT, page_timeout: OMIT, scan_enable: OMIT, voice_setting: OMIT, num_keys_written: OMIT, synchronous_flow_control_enable: OMIT, connection_handle: OMIT, num_keys_deleted: OMIT, link_quality: OMIT, link_policy_settings: OMIT, current_role: OMIT, flush_timeout: OMIT, hc_acl_data_packet_length: OMIT, hc_synchronous_data_packet_length: OMIT, hc_total_num_acl_data_packets: OMIT, hc_total_num_synchronous_data_packets: OMIT, failed_contact_counter: OMIT, link_supervision_timeout: OMIT, rssi_br_edr: OMIT, max_num_keys: OMIT, num_keys_read: OMIT, transmit_power_level: OMIT, local_name: OMIT, afh_mode: OMIT, afh_channel_map: OMIT, supported_commands: OMIT, clock: OMIT, accuracy: OMIT, lmp_handle: OMIT, reserved_lmp_handle: OMIT, page_number: OMIT, maximun_page_number: OMIT, extended_lmp_features: OMIT, lmp_features_bt_21: OMIT, fec_required: OMIT, extended_inquiry_response: OMIT, simple_pairing_mode: OMIT, c: OMIT, r: OMIT, tx_power: OMIT, erroneous_data_reporting: OMIT, lmp_features_bt_30: OMIT, key_size: OMIT, transmit_power_level_GFSK: OMIT, transmit_power_level_DQPSK: OMIT, transmit_power_level_8DPSK: OMIT, flow_control_mode: OMIT, max_ACL_data_packet_length: OMIT, data_block_length: OMIT, total_num_data_blocks: OMIT, LE_supported_host: OMIT, simultaneous_LE_host: OMIT, lmp_features_bt_40: OMIT, hc_le_acl_data_packet_length: OMIT, hc_total_num_le_acl_data_packets: OMIT, address: { company_assigned: '29CD00'O , company_id: '99FF56'O } , encrypted_data: OMIT, random_number: OMIT, le_features: OMIT, channel_map: OMIT, tx_power_level: OMIT, rssi_le: OMIT, lmp_features: OMIT, manufacturer_name_le: OMIT, lmp_subversion_le: OMIT, white_list_size: OMIT, le_states: OMIT} }  </LOG>
<LOG	TS= "00:00:08:903592"  TC =  "P_TCI"  TB= " LT_p_tci:[18] IP_init_iut_p_tci:[5] PR_device_addr_set_p_tci" TG= "Preliminary verdict:"> PR01: [3] (PASS) </LOG>
<LOG	TS= "00:00:08:903914"  TC =  "P_TCI"  TB= " LT_p_tci:[18] IP_init_iut_p_tci" TG= "CancelTimer:"> PR02: [11] T_guard [0] 120 s </LOG>
<LOG	TS= "00:00:08:903998"  TC =  "P_TCI"  TB= " LT_p_tci:[18] IP_init_iut_p_tci" TG= "Preliminary verdict:"> PR02: [11] (PASS) </LOG>
<LOG	TS= "00:00:08:904184"  TC =  "P_TCI"  TB= " LT_p_tci" TG= "Assign:"> [19] TCV_scan_interval := '0060'O  </LOG>
<LOG	TS= "00:00:08:904263"  TC =  "P_TCI"  TB= " LT_p_tci" TG= "Assign:"> [19] TCV_exit := 0  </LOG>
<LOG	TS= "00:00:08:905860"  TC =  "P_TCI"  TB= " LT_p_tci" TG= "Send:"> [20] TCI_HCI ! HCI_LE_SET_SCAN_PARAMETERS = PDU: { hci_opcode: { ogf: '001000'B , ocf: '0000001011'B } , parameter_total_length: '07'O , le_scan_mode: '00'O , le_scan_interval: '0060'O , le_scan_window: '0060'O , own_address_type: '00'O , scanning_filter_policy: '00'O }  </LOG>
<LOG	TS= "00:00:09:034917"  TC =  "P_TCI"  TB= " LT_p_tci" TG= "Assign:"> [21] TCV_num_hci_command_packets := '01'O  </LOG>
<LOG	TS= "00:00:09:035105"  TC =  "P_TCI"  TB= " LT_p_tci" TG= "Recv:"> [21] TCI_HCI ? HCI_COMMAND_COMPLETE_EVENT = PDU: { event_code: '0E'O , parameter_total_length: '04'O , num_hci_command_packets: '01'O , hci_opcode: { ogf: '001000'B , ocf: '0000001011'B } , return_parameters: { status: '00'O , bd_addr: OMIT, authentication_enable: OMIT, class_of_device: OMIT, conn_accept_timeout: OMIT, num_current_iac: OMIT, iac_lap_list: OMIT, encryption_mode: OMIT, hold_mode_activity: OMIT, inquirymode: OMIT, inquiryscan_interval: OMIT, scan_type: OMIT, inquiryscan_window: OMIT, loopback_mode: OMIT, lmp_features_bt_20_edr: OMIT, hci_version: OMIT, hci_revision: OMIT, lmp_version: OMIT, manufacturer_name_br_edr: OMIT, lmp_subversion_br_edr: OMIT, num_broadcast_retransmission: OMIT, num_support_iac: OMIT, pin_type: OMIT, pagescan_interval: OMIT, pagescan_window: OMIT, page_scan_period_mode: OMIT, page_timeout: OMIT, scan_enable: OMIT, voice_setting: OMIT, num_keys_written: OMIT, synchronous_flow_control_enable: OMIT, connection_handle: OMIT, num_keys_deleted: OMIT, link_quality: OMIT, link_policy_settings: OMIT, current_role: OMIT, flush_timeout: OMIT, hc_acl_data_packet_length: OMIT, hc_synchronous_data_packet_length: OMIT, hc_total_num_acl_data_packets: OMIT, hc_total_num_synchronous_data_packets: OMIT, failed_contact_counter: OMIT, link_supervision_timeout: OMIT, rssi_br_edr: OMIT, max_num_keys: OMIT, num_keys_read: OMIT, transmit_power_level: OMIT, local_name: OMIT, afh_mode: OMIT, afh_channel_map: OMIT, supported_commands: OMIT, clock: OMIT, accuracy: OMIT, lmp_handle: OMIT, reserved_lmp_handle: OMIT, page_number: OMIT, maximun_page_number: OMIT, extended_lmp_features: OMIT, lmp_features_bt_21: OMIT, fec_required: OMIT, extended_inquiry_response: OMIT, simple_pairing_mode: OMIT, c: OMIT, r: OMIT, tx_power: OMIT, erroneous_data_reporting: OMIT, lmp_features_bt_30: OMIT, key_size: OMIT, transmit_power_level_GFSK: OMIT, transmit_power_level_DQPSK: OMIT, transmit_power_level_8DPSK: OMIT, flow_control_mode: OMIT, max_ACL_data_packet_length: OMIT, data_block_length: OMIT, total_num_data_blocks: OMIT, LE_supported_host: OMIT, simultaneous_LE_host: OMIT, lmp_features_bt_40: OMIT, hc_le_acl_data_packet_length: OMIT, hc_total_num_le_acl_data_packets: OMIT, address: OMIT, encrypted_data: OMIT, random_number: OMIT, le_features: OMIT, channel_map: OMIT, tx_power_level: OMIT, rssi_le: OMIT, lmp_features: OMIT, manufacturer_name_le: OMIT, lmp_subversion_le: OMIT, white_list_size: OMIT, le_states: OMIT} }  </LOG>
<LOG	TS= "00:00:09:036837"  TC =  "P_TCI"  TB= " LT_p_tci" TG= "Send:"> [22] TCI_HCI ! HCI_LE_SET_SCAN_ENABLE = PDU: { hci_opcode: { ogf: '001000'B , ocf: '0000001100'B } , parameter_total_length: '02'O , le_scan_enable: '01'O , filter_duplicates: '00'O }  </LOG>
<LOG	TS= "00:00:09:175091"  TC =  "P_TCI"  TB= " LT_p_tci" TG= "Assign:"> [23] TCV_num_hci_command_packets := '01'O  </LOG>
<LOG	TS= "00:00:09:175283"  TC =  "P_TCI"  TB= " LT_p_tci" TG= "Recv:"> [23] TCI_HCI ? HCI_COMMAND_COMPLETE_EVENT = PDU: { event_code: '0E'O , parameter_total_length: '04'O , num_hci_command_packets: '01'O , hci_opcode: { ogf: '001000'B , ocf: '0000001100'B } , return_parameters: { status: '00'O , bd_addr: OMIT, authentication_enable: OMIT, class_of_device: OMIT, conn_accept_timeout: OMIT, num_current_iac: OMIT, iac_lap_list: OMIT, encryption_mode: OMIT, hold_mode_activity: OMIT, inquirymode: OMIT, inquiryscan_interval: OMIT, scan_type: OMIT, inquiryscan_window: OMIT, loopback_mode: OMIT, lmp_features_bt_20_edr: OMIT, hci_version: OMIT, hci_revision: OMIT, lmp_version: OMIT, manufacturer_name_br_edr: OMIT, lmp_subversion_br_edr: OMIT, num_broadcast_retransmission: OMIT, num_support_iac: OMIT, pin_type: OMIT, pagescan_interval: OMIT, pagescan_window: OMIT, page_scan_period_mode: OMIT, page_timeout: OMIT, scan_enable: OMIT, voice_setting: OMIT, num_keys_written: OMIT, synchronous_flow_control_enable: OMIT, connection_handle: OMIT, num_keys_deleted: OMIT, link_quality: OMIT, link_policy_settings: OMIT, current_role: OMIT, flush_timeout: OMIT, hc_acl_data_packet_length: OMIT, hc_synchronous_data_packet_length: OMIT, hc_total_num_acl_data_packets: OMIT, hc_total_num_synchronous_data_packets: OMIT, failed_contact_counter: OMIT, link_supervision_timeout: OMIT, rssi_br_edr: OMIT, max_num_keys: OMIT, num_keys_read: OMIT, transmit_power_level: OMIT, local_name: OMIT, afh_mode: OMIT, afh_channel_map: OMIT, supported_commands: OMIT, clock: OMIT, accuracy: OMIT, lmp_handle: OMIT, reserved_lmp_handle: OMIT, page_number: OMIT, maximun_page_number: OMIT, extended_lmp_features: OMIT, lmp_features_bt_21: OMIT, fec_required: OMIT, extended_inquiry_response: OMIT, simple_pairing_mode: OMIT, c: OMIT, r: OMIT, tx_power: OMIT, erroneous_data_reporting: OMIT, lmp_features_bt_30: OMIT, key_size: OMIT, transmit_power_level_GFSK: OMIT, transmit_power_level_DQPSK: OMIT, transmit_power_level_8DPSK: OMIT, flow_control_mode: OMIT, max_ACL_data_packet_length: OMIT, data_block_length: OMIT, total_num_data_blocks: OMIT, LE_supported_host: OMIT, simultaneous_LE_host: OMIT, lmp_features_bt_40: OMIT, hc_le_acl_data_packet_length: OMIT, hc_total_num_le_acl_data_packets: OMIT, address: OMIT, encrypted_data: OMIT, random_number: OMIT, le_features: OMIT, channel_map: OMIT, tx_power_level: OMIT, rssi_le: OMIT, lmp_features: OMIT, manufacturer_name_le: OMIT, lmp_subversion_le: OMIT, white_list_size: OMIT, le_states: OMIT} }  </LOG>
<LOG	TS= "00:00:09:175709"  TC =  "P_TCI"  TB= " LT_p_tci" TG= "Send:"> [24] CP_TCI ! CM_CONTINUE = PDU: { val: "Cm_start_advertising" }  </LOG>
<LOG	TS= "00:00:09:178100"  TC =  "MTC"  TB= " TC_ENC_SCN_BI_01:[3] LTS_loop_test" TG= "Recv:"> [11] CP_TCI ? CM_CONTINUE = PDU: { val: "Cm_start_advertising" }  </LOG>
<LOG	TS= "00:00:09:178232"  TC =  "MTC"  TB= " TC_ENC_SCN_BI_01:[3] LTS_loop_test" TG= "Send:"> [12] CP_LL ! CM_CONTINUE = PDU: { val: "Cm_start_advertising" }  </LOG>
<LOG	TS= "00:00:09:178723"  TC =  "P_LL"  TB= " LT_p_ll" TG= "Recv:"> [39] CP_LL ? CM_CONTINUE = PDU: { val: "Cm_start_advertising" }  </LOG>
<LOG	TS= "00:00:09:178832"  TC =  "P_LL"  TB= " LT_p_ll" TG= "Assign:"> [40] TCV_advertising_timer := 6000  </LOG>
<LOG	TS= "00:00:09:180810"  TC =  "P_LL"  TB= " LT_p_ll:[41] LTS_advertising_configuration_p_ll" TG= "Send:"> [42] LL ! LL_LC_ADVERTISE_PARAMETERS_REQ = PDU: { lilcld: '2000'O , length: '16'O , accaddrGen: '02'O , advInterval: '0020'O , advEventType: '03'O , advAddrType: '00'O , iniAddrType: '00'O , advAddr: { company_assigned: '123456'O , company_id: '123456'O } , iniAddr: { company_assigned: '29CD00'O , company_id: '99FF56'O } , crc: '00'O }  </LOG>
<LOG	TS= "00:00:09:184478"  TC =  "P_LL"  TB= " LT_p_ll:[41] LTS_advertising_configuration_p_ll" TG= "Recv:"> [43] LL ? LL_LC_ADVERTISE_PARAMETERS_CFM = PDU: { lilcld: '2001'O , length: '04'O , confirmInd: '00'O }  </LOG>
<LOG	TS= "00:00:09:186289"  TC =  "P_LL"  TB= " LT_p_ll:[41] LTS_advertising_configuration_p_ll" TG= "Send:"> [44] LL ! LL_LC_ADVERTISE_CHANNEL_MAP_REQ = PDU: { lilcld: '2002'O , length: '04'O , advChannelMap: '01'O }  </LOG>
<LOG	TS= "00:00:09:188036"  TC =  "P_LL"  TB= " LT_p_ll:[41] LTS_advertising_configuration_p_ll" TG= "Recv:"> [45] LL ? LL_LC_ADVERTISE_CHANNEL_MAP_CFM = PDU: { lilcld: '2003'O , length: '04'O , confirmInd: '00'O }  </LOG>
<LOG	TS= "00:00:09:189882"  TC =  "P_LL"  TB= " LT_p_ll:[41] LTS_advertising_configuration_p_ll" TG= "Send:"> [46] LL ! LL_LC_ADVERTISE_DATA_REQ = PDU: { lilcld: '2004'O , length: '05'O , advDataLength: '01'O , advData: '01'O }  </LOG>
<LOG	TS= "00:00:09:193362"  TC =  "P_LL"  TB= " LT_p_ll:[41] LTS_advertising_configuration_p_ll" TG= "Recv:"> [47] LL ? LL_LC_ADVERTISE_DATA_CFM = PDU: { lilcld: '2005'O , length: '04'O , confirmInd: '00'O }  </LOG>
<LOG	TS= "00:00:09:195070"  TC =  "P_LL"  TB= " LT_p_ll:[41] LTS_advertising_configuration_p_ll" TG= "Send:"> [48] LL ! LL_LC_ADVERTISING_MODE_REQ = PDU: { lilcld: '200D'O , length: '04'O , advStatus: '00'O }  </LOG>
<LOG	TS= "00:00:09:195272"  TC =  "P_LL"  TB= " LT_p_ll:[41] LTS_advertising_configuration_p_ll" TG= "StartTimer:"> [48] T_wait [0] 6000 ms </LOG>
<LOG	TS= "00:00:09:197124"  TC =  "P_LL"  TB= " LT_p_ll:[41] LTS_advertising_configuration_p_ll" TG= "Recv:"> [49] LL ? LL_LC_ADVERTISING_MODE_CFM = PDU: { lilcld: '200E'O , length: '04'O , confirmInd: '00'O }  </LOG>
<LOG	TS= "00:00:15:195726"  TC =  "P_LL"  TB= " LT_p_ll:[41] LTS_advertising_configuration_p_ll" TG= "Timed out Timer:"> T_wait </LOG>
<LOG	TS= "00:00:15:195876"  TC =  "P_LL"  TB= " LT_p_ll:[41] LTS_advertising_configuration_p_ll" TG= "TimeOut:"> [50] T_wait [0] 6000 ms </LOG>
<LOG	TS= "00:00:15:197451"  TC =  "P_LL"  TB= " LT_p_ll:[41] LTS_advertising_configuration_p_ll" TG= "Send:"> [51] LL ! LL_LC_ADVERTISING_MODE_REQ = PDU: { lilcld: '200D'O , length: '04'O , advStatus: '01'O }  </LOG>
<LOG	TS= "00:00:15:199345"  TC =  "P_LL"  TB= " LT_p_ll:[41] LTS_advertising_configuration_p_ll" TG= "Recv:"> [52] LL ? LL_LC_ADVERTISING_MODE_CFM = PDU: { lilcld: '200E'O , length: '04'O , confirmInd: '00'O }  </LOG>
<LOG	TS= "00:00:15:199478"  TC =  "P_LL"  TB= " LT_p_ll:[41] LTS_advertising_configuration_p_ll" TG= "Send:"> TB05: [53] CP_LL ! CM_CONTINUE = PDU: { val: "Cm_advertising_stopped" }  </LOG>
<LOG	TS= "00:00:15:199569"  TC =  "P_LL"  TB= " LT_p_ll:[41] LTS_advertising_configuration_p_ll" TG= "Preliminary verdict:"> TB05: [53] (PASS) </LOG>
<LOG	TS= "00:00:15:199665"  TC =  "P_LL"  TB= " LT_p_ll:[41] LTS_advertising_configuration_p_ll" TG= "GciLogStopPTC"> TC_ENC_SCN_BI_01::LT_p_ll </LOG>
<LOG	TS= "00:00:15:200683"  TC =  "MTC"  TB= " TC_ENC_SCN_BI_01:[3] LTS_loop_test" TG= "Recv:"> [13] CP_LL ? CM_CONTINUE = PDU: { val: "Cm_advertising_stopped" }  </LOG>
<LOG	TS= "00:00:15:200802"  TC =  "MTC"  TB= " TC_ENC_SCN_BI_01:[3] LTS_loop_test" TG= "Send:"> [14] CP_TCI ! CM_CONTINUE = PDU: { val: "Cm_advertising_stopped" }  </LOG>
<LOG	TS= "00:00:15:201251"  TC =  "P_TCI"  TB= " LT_p_tci:[25] LTS_start_p_tci" TG= "Recv:"> EVENT_RX: [27] CP_TCI ? CM_CONTINUE = PDU: { val: "Cm_advertising_stopped" }  </LOG>
<LOG	TS= "00:00:15:201356"  TC =  "P_TCI"  TB= " LT_p_tci:[25] LTS_start_p_tci" TG= "Assign:"> TB03: [28] TCV_exit := 0  </LOG>
<LOG	TS= "00:00:15:201439"  TC =  "P_TCI"  TB= " LT_p_tci:[25] LTS_start_p_tci" TG= "Preliminary verdict:"> TB03: [28] (PASS) </LOG>
<LOG	TS= "00:00:15:202923"  TC =  "P_TCI"  TB= " LT_p_tci:[26] LTS_postamble_p_tci" TG= "Send:"> [34] TCI_HCI ! HCI_LE_SET_SCAN_ENABLE = PDU: { hci_opcode: { ogf: '001000'B , ocf: '0000001100'B } , parameter_total_length: '02'O , le_scan_enable: '00'O , filter_duplicates: '00'O }  </LOG>
<LOG	TS= "00:00:15:339570"  TC =  "P_TCI"  TB= " LT_p_tci:[26] LTS_postamble_p_tci" TG= "Assign:"> [35] TCV_num_hci_command_packets := '01'O  </LOG>
<LOG	TS= "00:00:15:339774"  TC =  "P_TCI"  TB= " LT_p_tci:[26] LTS_postamble_p_tci" TG= "Recv:"> [35] TCI_HCI ? HCI_COMMAND_COMPLETE_EVENT = PDU: { event_code: '0E'O , parameter_total_length: '04'O , num_hci_command_packets: '01'O , hci_opcode: { ogf: '001000'B , ocf: '0000001100'B } , return_parameters: { status: '00'O , bd_addr: OMIT, authentication_enable: OMIT, class_of_device: OMIT, conn_accept_timeout: OMIT, num_current_iac: OMIT, iac_lap_list: OMIT, encryption_mode: OMIT, hold_mode_activity: OMIT, inquirymode: OMIT, inquiryscan_interval: OMIT, scan_type: OMIT, inquiryscan_window: OMIT, loopback_mode: OMIT, lmp_features_bt_20_edr: OMIT, hci_version: OMIT, hci_revision: OMIT, lmp_version: OMIT, manufacturer_name_br_edr: OMIT, lmp_subversion_br_edr: OMIT, num_broadcast_retransmission: OMIT, num_support_iac: OMIT, pin_type: OMIT, pagescan_interval: OMIT, pagescan_window: OMIT, page_scan_period_mode: OMIT, page_timeout: OMIT, scan_enable: OMIT, voice_setting: OMIT, num_keys_written: OMIT, synchronous_flow_control_enable: OMIT, connection_handle: OMIT, num_keys_deleted: OMIT, link_quality: OMIT, link_policy_settings: OMIT, current_role: OMIT, flush_timeout: OMIT, hc_acl_data_packet_length: OMIT, hc_synchronous_data_packet_length: OMIT, hc_total_num_acl_data_packets: OMIT, hc_total_num_synchronous_data_packets: OMIT, failed_contact_counter: OMIT, link_supervision_timeout: OMIT, rssi_br_edr: OMIT, max_num_keys: OMIT, num_keys_read: OMIT, transmit_power_level: OMIT, local_name: OMIT, afh_mode: OMIT, afh_channel_map: OMIT, supported_commands: OMIT, clock: OMIT, accuracy: OMIT, lmp_handle: OMIT, reserved_lmp_handle: OMIT, page_number: OMIT, maximun_page_number: OMIT, extended_lmp_features: OMIT, lmp_features_bt_21: OMIT, fec_required: OMIT, extended_inquiry_response: OMIT, simple_pairing_mode: OMIT, c: OMIT, r: OMIT, tx_power: OMIT, erroneous_data_reporting: OMIT, lmp_features_bt_30: OMIT, key_size: OMIT, transmit_power_level_GFSK: OMIT, transmit_power_level_DQPSK: OMIT, transmit_power_level_8DPSK: OMIT, flow_control_mode: OMIT, max_ACL_data_packet_length: OMIT, data_block_length: OMIT, total_num_data_blocks: OMIT, LE_supported_host: OMIT, simultaneous_LE_host: OMIT, lmp_features_bt_40: OMIT, hc_le_acl_data_packet_length: OMIT, hc_total_num_le_acl_data_packets: OMIT, address: OMIT, encrypted_data: OMIT, random_number: OMIT, le_features: OMIT, channel_map: OMIT, tx_power_level: OMIT, rssi_le: OMIT, lmp_features: OMIT, manufacturer_name_le: OMIT, lmp_subversion_le: OMIT, white_list_size: OMIT, le_states: OMIT} }  </LOG>
<LOG	TS= "00:00:15:340190"  TC =  "P_TCI"  TB= " LT_p_tci:[26] LTS_postamble_p_tci" TG= "GciLogStopPTC"> TC_ENC_SCN_BI_01::LT_p_tci </LOG>
<LOG	TS= "00:00:15:341254"  TC =  "MTC"  TB= " TC_ENC_SCN_BI_01:[3] LTS_loop_test" TG= "Preliminary verdict:"> TB02: [15] (PASS) </LOG>
<LOG	TS= "00:00:15:341370"  TC =  "MTC"  TB= " TC_ENC_SCN_BI_01:[3] LTS_loop_test" TG= "Assign:"> [16] TCV_test_repetition_counter := 3  </LOG>
<LOG	TS= "00:00:15:341939"  TC =  "MTC"  TB= " TC_ENC_SCN_BI_01" TG= "CancelTimer:"> TB01: [4] T_test_case [0] 180 s </LOG>
<LOG	TS= "00:00:15:342069"  TC =  "MTC"  TB= " TC_ENC_SCN_BI_01" TG= "Final verdict:"> TB01: [4] PASS </LOG>
<LOGHEAD	TestCase="TC_ENC_SCN_BI_01" Ver="LL 1.0.0.17 Release 1.0.16.0. Build: Nov 15 2013 12:10:47" Verdict= "PASS" Dat = "Mon Dec 14 21:47:31 2015" War = ""/>
</TRACE>
