<?xml version="1.0"?>
<TRACE tech= "BLE" layer= "LL">
<LOG	TS= "00:00:00:088593"  TC =  "MTC"  TB= "" TG= "Start Test Case:"> TC_DDI_SCN_BI_02 </LOG>
<LOG	TS= "00:00:00:089760"  TC =  "MTC"  TB= " TC_DDI_SCN_BI_02" TG= "Create:"> [1] CREATE P_LL:TC_DDI_SCN_BI_02::LT_p_ll( [ ]  ) </LOG>
<LOG	TS= "00:00:00:090193"  TC =  "MTC"  TB= " TC_DDI_SCN_BI_02" TG= "GciLogStartPTC"> TC_DDI_SCN_BI_02::LT_p_ll </LOG>
<LOG	TS= "00:00:00:090525"  TC =  "P_LL"  TB= " LT_p_ll:[34] IP_tester_p_ll" TG= "StartTimer:"> [1] T_guard [0] 120 s </LOG>
<LOG	TS= "00:00:00:092333"  TC =  "P_LL"  TB= " LT_p_ll:[34] IP_tester_p_ll" TG= "Send:"> [2] LL ! LL_LC_RESET_REQ = PDU: { lilcld: '0000'O , length: '03'O }  </LOG>
<LOG	TS= "00:00:00:575342"  TC =  "P_LL"  TB= " LT_p_ll:[34] IP_tester_p_ll" TG= "Recv:"> [3] LL ? LL_LC_RESET_CFM = PDU: { lilcld: '0001'O , length: '04'O , confirmInd: '00'O }  </LOG>
<LOG	TS= "00:00:00:577315"  TC =  "P_LL"  TB= " LT_p_ll:[34] IP_tester_p_ll" TG= "Send:"> [4] LL ! LL_LC_SET_TESTER_NAME_REQ = PDU: { lilcld: '1002'O , length: '06'O , nameLength: '02'O , name: '4C54'O }  </LOG>
<LOG	TS= "00:00:00:579375"  TC =  "P_LL"  TB= " LT_p_ll:[34] IP_tester_p_ll" TG= "Recv:"> [5] LL ? LL_LC_SET_TESTER_NAME_CFM = PDU: { lilcld: '1003'O , length: '04'O , confirmInd: '00'O }  </LOG>
<LOG	TS= "00:00:00:581421"  TC =  "P_LL"  TB= " LT_p_ll:[34] IP_tester_p_ll" TG= "Send:"> [6] LL ! LL_LC_SET_DEVICE_ADDRESS_REQ = PDU: { lilcld: '1004'O , length: '09'O , publicAddress: { company_assigned: '123456'O , company_id: '123456'O } }  </LOG>
<LOG	TS= "00:00:00:583514"  TC =  "P_LL"  TB= " LT_p_ll:[34] IP_tester_p_ll" TG= "Recv:"> [7] LL ? LL_LC_SET_DEVICE_ADDRESS_CFM = PDU: { lilcld: '1005'O , length: '04'O , confirmInd: '00'O }  </LOG>
<LOG	TS= "00:00:00:585333"  TC =  "P_LL"  TB= " LT_p_ll:[34] IP_tester_p_ll" TG= "Send:"> [8] LL ! LL_LC_ADD_REMOTE_DEVICE_ADDRESS_REQ = PDU: { lilcld: '1006'O , length: '0A'O , addressType: '00'O , deviceAddress: { company_assigned: '29CD00'O , company_id: '99FF56'O } }  </LOG>
<LOG	TS= "00:00:00:587328"  TC =  "P_LL"  TB= " LT_p_ll:[34] IP_tester_p_ll" TG= "Recv:"> [9] LL ? LL_LC_ADD_REMOTE_DEVICE_ADDRESS_CFM = PDU: { lilcld: '1007'O , length: '04'O , confirmInd: '00'O }  </LOG>
<LOG	TS= "00:00:00:587718"  TC =  "P_LL"  TB= " LT_p_ll:[34] IP_tester_p_ll" TG= "CancelTimer:"> [10] T_guard [0] 120 s </LOG>
<LOG	TS= "00:00:00:587916"  TC =  "P_LL"  TB= " LT_p_ll" TG= "Send:"> [35] CP_LL ! CM_CONTINUE = PDU: { val: "Cm_continue_test_on_mtc" }  </LOG>
<LOG	TS= "00:00:00:589067"  TC =  "MTC"  TB= " TC_DDI_SCN_BI_02" TG= "Recv:"> [2] CP_LL ? CM_CONTINUE = PDU: { val: "Cm_continue_test_on_mtc" }  </LOG>
<LOG	TS= "00:00:00:590092"  TC =  "MTC"  TB= " TC_DDI_SCN_BI_02" TG= "Create:"> [3] CREATE P_TCI:TC_DDI_SCN_BI_02::LT_p_tci( [ ]  ) </LOG>
<LOG	TS= "00:00:00:590609"  TC =  "MTC"  TB= " TC_DDI_SCN_BI_02" TG= "GciLogStartPTC"> TC_DDI_SCN_BI_02::LT_p_tci </LOG>
<LOG	TS= "00:00:00:590979"  TC =  "P_TCI"  TB= " LT_p_tci:[16] IP_init_iut_p_tci" TG= "StartTimer:"> [1] T_guard [0] 120 s </LOG>
<LOG	TS= "00:00:00:592144"  TC =  "P_TCI"  TB= " LT_p_tci:[16] IP_init_iut_p_tci:[2] LTS_reset" TG= "Send:"> [12] TCI_HCI ! HCI_RESET = PDU: { hci_opcode: { ogf: '000011'B , ocf: '0000000011'B } , parameter_total_length: '00'O }  </LOG>
<LOG	TS= "00:00:00:593475"  TC =  "MTC"  TB= " TC_DDI_SCN_BI_02" TG= "StartTimer:"> [4] T_test_case [0] 180 s </LOG>
<LOG	TS= "00:00:00:593598"  TC =  "MTC"  TB= " TC_DDI_SCN_BI_02" TG= "Assign:"> [5] TCV_config_with_pl_component := GcFALSE  </LOG>
<LOG	TS= "00:00:00:875273"  TC =  "P_TCI"  TB= " LT_p_tci:[16] IP_init_iut_p_tci:[2] LTS_reset" TG= "Assign:"> [13] TCV_num_hci_command_packets := '00'O  </LOG>
<LOG	TS= "00:00:00:875447"  TC =  "P_TCI"  TB= " LT_p_tci:[16] IP_init_iut_p_tci:[2] LTS_reset" TG= "Recv:"> [13] TCI_HCI ? HCI_COMMAND_COMPLETE_EVENT = PDU: { event_code: '0E'O , parameter_total_length: '04'O , num_hci_command_packets: '00'O , hci_opcode: { ogf: '000011'B , ocf: '0000000011'B } , return_parameters: { status: '00'O , bd_addr: OMIT, authentication_enable: OMIT, class_of_device: OMIT, conn_accept_timeout: OMIT, num_current_iac: OMIT, iac_lap_list: OMIT, encryption_mode: OMIT, hold_mode_activity: OMIT, inquirymode: OMIT, inquiryscan_interval: OMIT, scan_type: OMIT, inquiryscan_window: OMIT, loopback_mode: OMIT, lmp_features_bt_20_edr: OMIT, hci_version: OMIT, hci_revision: OMIT, lmp_version: OMIT, manufacturer_name_br_edr: OMIT, lmp_subversion_br_edr: OMIT, num_broadcast_retransmission: OMIT, num_support_iac: OMIT, pin_type: OMIT, pagescan_interval: OMIT, pagescan_window: OMIT, page_scan_period_mode: OMIT, page_timeout: OMIT, scan_enable: OMIT, voice_setting: OMIT, num_keys_written: OMIT, synchronous_flow_control_enable: OMIT, connection_handle: OMIT, num_keys_deleted: OMIT, link_quality: OMIT, link_policy_settings: OMIT, current_role: OMIT, flush_timeout: OMIT, hc_acl_data_packet_length: OMIT, hc_synchronous_data_packet_length: OMIT, hc_total_num_acl_data_packets: OMIT, hc_total_num_synchronous_data_packets: OMIT, failed_contact_counter: OMIT, link_supervision_timeout: OMIT, rssi_br_edr: OMIT, max_num_keys: OMIT, num_keys_read: OMIT, transmit_power_level: OMIT, local_name: OMIT, afh_mode: OMIT, afh_channel_map: OMIT, supported_commands: OMIT, clock: OMIT, accuracy: OMIT, lmp_handle: OMIT, reserved_lmp_handle: OMIT, page_number: OMIT, maximun_page_number: OMIT, extended_lmp_features: OMIT, lmp_features_bt_21: OMIT, fec_required: OMIT, extended_inquiry_response: OMIT, simple_pairing_mode: OMIT, c: OMIT, r: OMIT, tx_power: OMIT, erroneous_data_reporting: OMIT, lmp_features_bt_30: OMIT, key_size: OMIT, transmit_power_level_GFSK: OMIT, transmit_power_level_DQPSK: OMIT, transmit_power_level_8DPSK: OMIT, flow_control_mode: OMIT, max_ACL_data_packet_length: OMIT, data_block_length: OMIT, total_num_data_blocks: OMIT, LE_supported_host: OMIT, simultaneous_LE_host: OMIT, lmp_features_bt_40: OMIT, hc_le_acl_data_packet_length: OMIT, hc_total_num_le_acl_data_packets: OMIT, address: OMIT, encrypted_data: OMIT, random_number: OMIT, le_features: OMIT, channel_map: OMIT, tx_power_level: OMIT, rssi_le: OMIT, lmp_features: OMIT, manufacturer_name_le: OMIT, lmp_subversion_le: OMIT, white_list_size: OMIT, le_states: OMIT} }  </LOG>
<LOG	TS= "00:00:00:877470"  TC =  "P_TCI"  TB= " LT_p_tci:[16] IP_init_iut_p_tci:[3] LTS_read_local_supported_features" TG= "Send:"> [14] TCI_HCI ! HCI_READ_LOCAL_SUPPORTED_FEATURES = PDU: { hci_opcode: { ogf: '000100'B , ocf: '0000000011'B } , parameter_total_length: '00'O }  </LOG>
<LOG	TS= "00:00:01:143219"  TC =  "P_TCI"  TB= " LT_p_tci:[16] IP_init_iut_p_tci:[3] LTS_read_local_supported_features" TG= "Assign:"> PR03: [15] TCV_num_hci_command_packets := '01'O  </LOG>
<LOG	TS= "00:00:01:143444"  TC =  "P_TCI"  TB= " LT_p_tci:[16] IP_init_iut_p_tci:[3] LTS_read_local_supported_features" TG= "Recv:"> PR03: [15] TCI_HCI ? HCI_COMMAND_COMPLETE_EVENT = PDU: { event_code: '0E'O , parameter_total_length: '0C'O , num_hci_command_packets: '01'O , hci_opcode: { ogf: '000100'B , ocf: '0000000011'B } , return_parameters: { status: '00'O , bd_addr: OMIT, authentication_enable: OMIT, class_of_device: OMIT, conn_accept_timeout: OMIT, num_current_iac: OMIT, iac_lap_list: OMIT, encryption_mode: OMIT, hold_mode_activity: OMIT, inquirymode: OMIT, inquiryscan_interval: OMIT, scan_type: OMIT, inquiryscan_window: OMIT, loopback_mode: OMIT, lmp_features_bt_20_edr: OMIT, hci_version: OMIT, hci_revision: OMIT, lmp_version: OMIT, manufacturer_name_br_edr: OMIT, lmp_subversion_br_edr: OMIT, num_broadcast_retransmission: OMIT, num_support_iac: OMIT, pin_type: OMIT, pagescan_interval: OMIT, pagescan_window: OMIT, page_scan_period_mode: OMIT, page_timeout: OMIT, scan_enable: OMIT, voice_setting: OMIT, num_keys_written: OMIT, synchronous_flow_control_enable: OMIT, connection_handle: OMIT, num_keys_deleted: OMIT, link_quality: OMIT, link_policy_settings: OMIT, current_role: OMIT, flush_timeout: OMIT, hc_acl_data_packet_length: OMIT, hc_synchronous_data_packet_length: OMIT, hc_total_num_acl_data_packets: OMIT, hc_total_num_synchronous_data_packets: OMIT, failed_contact_counter: OMIT, link_supervision_timeout: OMIT, rssi_br_edr: OMIT, max_num_keys: OMIT, num_keys_read: OMIT, transmit_power_level: OMIT, local_name: OMIT, afh_mode: OMIT, afh_channel_map: OMIT, supported_commands: OMIT, clock: OMIT, accuracy: OMIT, lmp_handle: OMIT, reserved_lmp_handle: OMIT, page_number: OMIT, maximun_page_number: OMIT, extended_lmp_features: OMIT, lmp_features_bt_21: OMIT, fec_required: OMIT, extended_inquiry_response: OMIT, simple_pairing_mode: OMIT, c: OMIT, r: OMIT, tx_power: OMIT, erroneous_data_reporting: OMIT, lmp_features_bt_30: OMIT, key_size: OMIT, transmit_power_level_GFSK: OMIT, transmit_power_level_DQPSK: OMIT, transmit_power_level_8DPSK: OMIT, flow_control_mode: OMIT, max_ACL_data_packet_length: OMIT, data_block_length: OMIT, total_num_data_blocks: OMIT, LE_supported_host: OMIT, simultaneous_LE_host: OMIT, lmp_features_bt_40: OMIT, hc_le_acl_data_packet_length: OMIT, hc_total_num_le_acl_data_packets: OMIT, address: OMIT, encrypted_data: OMIT, random_number: OMIT, le_features: OMIT, channel_map: OMIT, tx_power_level: OMIT, rssi_le: OMIT, lmp_features: { three_slot_packets: '0'B , five_slot_packets: '0'B , encryption: '0'B , slot_offset: '0'B , timing_accuracy: '0'B , switch: '0'B , hold_mode: '0'B , sniff_mode: '0'B , park_state: '0'B , power_control_requests: '0'B , channel_quality_driven_data_rate: '0'B , sco_link: '0'B , hv2_packets: '0'B , hv3_packets: '0'B , u_law_log: '0'B , a_law_log: '0'B , cvsd: '0'B , paging_parameter_negotiation: '0'B , power_control: '0'B , transparent_synchronous_data: '0'B , flow_control_lag_bit0: '0'B , flow_control_lag_bit1: '0'B , flow_control_lag_bit2: '0'B , broadcast_encryption: '0'B , reserved_1: '0'B , enhanced_data_rate_ACL_2_Mbps: '0'B , enhanced_data_rate_ACL_3_Mbps: '0'B , enhanced_inquiry_scan: '0'B , interlaced_inquiry_scan: '0'B , interlaced_page_scan: '0'B , RSSI_with_inquiry_results: '0'B , extended_SCO_link_EV3_packets: '0'B , EV4_packets: '0'B , EV5_packets: '0'B , reserved_2: '0'B , AFH_capable_slave: '0'B , AFH_classification_slave: '0'B , reserved_3: '0'B , reserved_4: '0'B , three_slot_enhanced_data_rate_ACL_packets: '0'B , five_slot_enhanced_data_rate_ACL_packets: '0'B , sniff_subrating: '0'B , pause_encryption: '0'B , AFH_capable_master: '0'B , AFH_classification_master: '0'B , enhanced_data_rate_eSCO_2_Mbps: '0'B , enhanced_data_rate_eSCO_3_Mbps: '0'B , three_slot_enhanced_data_rate_eSCO_packets: '0'B , extended_inquiry_response: '0'B , byte6_bit1: '0'B , byte6_bit2: '0'B , secure_simple_pairing: '0'B , encapsulated_pdu: '0'B , erroneous_data: '0'B , non_flushable_packet_boundary_flag: '0'B , byte6_bit7: '0'B , link_supervision_timeout_changed_event: '0'B , inquiry_tx_power_level: '0'B , byte7_bit2: '0'B , byte7_bit3: '0'B , byte7_bit4: '0'B , byte7_bit5: '0'B , byte7_bit6: '0'B , extended_features: '0'B } , manufacturer_name_le: OMIT, lmp_subversion_le: OMIT, white_list_size: OMIT, le_states: OMIT} }  </LOG>
<LOG	TS= "00:00:01:144211"  TC =  "P_TCI"  TB= " LT_p_tci:[16] IP_init_iut_p_tci:[3] LTS_read_local_supported_features" TG= "Preliminary verdict:"> PR03: [15] (PASS) </LOG>
<LOG	TS= "00:00:01:146009"  TC =  "P_TCI"  TB= " LT_p_tci:[16] IP_init_iut_p_tci:[4] LTS_set_event_mask" TG= "Send:"> [16] TCI_HCI ! HCI_SET_EVENT_MASK = PDU: { hci_opcode: { ogf: '000011'B , ocf: '0000000001'B } , parameter_total_length: '08'O , event_mask: '2000800000018890'O }  </LOG>
<LOG	TS= "00:00:01:274554"  TC =  "P_TCI"  TB= " LT_p_tci:[16] IP_init_iut_p_tci:[4] LTS_set_event_mask" TG= "Assign:"> [17] TCV_num_hci_command_packets := '01'O  </LOG>
<LOG	TS= "00:00:01:274727"  TC =  "P_TCI"  TB= " LT_p_tci:[16] IP_init_iut_p_tci:[4] LTS_set_event_mask" TG= "Recv:"> [17] TCI_HCI ? HCI_COMMAND_COMPLETE_EVENT = PDU: { event_code: '0E'O , parameter_total_length: '04'O , num_hci_command_packets: '01'O , hci_opcode: { ogf: '000011'B , ocf: '0000000001'B } , return_parameters: { status: '00'O , bd_addr: OMIT, authentication_enable: OMIT, class_of_device: OMIT, conn_accept_timeout: OMIT, num_current_iac: OMIT, iac_lap_list: OMIT, encryption_mode: OMIT, hold_mode_activity: OMIT, inquirymode: OMIT, inquiryscan_interval: OMIT, scan_type: OMIT, inquiryscan_window: OMIT, loopback_mode: OMIT, lmp_features_bt_20_edr: OMIT, hci_version: OMIT, hci_revision: OMIT, lmp_version: OMIT, manufacturer_name_br_edr: OMIT, lmp_subversion_br_edr: OMIT, num_broadcast_retransmission: OMIT, num_support_iac: OMIT, pin_type: OMIT, pagescan_interval: OMIT, pagescan_window: OMIT, page_scan_period_mode: OMIT, page_timeout: OMIT, scan_enable: OMIT, voice_setting: OMIT, num_keys_written: OMIT, synchronous_flow_control_enable: OMIT, connection_handle: OMIT, num_keys_deleted: OMIT, link_quality: OMIT, link_policy_settings: OMIT, current_role: OMIT, flush_timeout: OMIT, hc_acl_data_packet_length: OMIT, hc_synchronous_data_packet_length: OMIT, hc_total_num_acl_data_packets: OMIT, hc_total_num_synchronous_data_packets: OMIT, failed_contact_counter: OMIT, link_supervision_timeout: OMIT, rssi_br_edr: OMIT, max_num_keys: OMIT, num_keys_read: OMIT, transmit_power_level: OMIT, local_name: OMIT, afh_mode: OMIT, afh_channel_map: OMIT, supported_commands: OMIT, clock: OMIT, accuracy: OMIT, lmp_handle: OMIT, reserved_lmp_handle: OMIT, page_number: OMIT, maximun_page_number: OMIT, extended_lmp_features: OMIT, lmp_features_bt_21: OMIT, fec_required: OMIT, extended_inquiry_response: OMIT, simple_pairing_mode: OMIT, c: OMIT, r: OMIT, tx_power: OMIT, erroneous_data_reporting: OMIT, lmp_features_bt_30: OMIT, key_size: OMIT, transmit_power_level_GFSK: OMIT, transmit_power_level_DQPSK: OMIT, transmit_power_level_8DPSK: OMIT, flow_control_mode: OMIT, max_ACL_data_packet_length: OMIT, data_block_length: OMIT, total_num_data_blocks: OMIT, LE_supported_host: OMIT, simultaneous_LE_host: OMIT, lmp_features_bt_40: OMIT, hc_le_acl_data_packet_length: OMIT, hc_total_num_le_acl_data_packets: OMIT, address: OMIT, encrypted_data: OMIT, random_number: OMIT, le_features: OMIT, channel_map: OMIT, tx_power_level: OMIT, rssi_le: OMIT, lmp_features: OMIT, manufacturer_name_le: OMIT, lmp_subversion_le: OMIT, white_list_size: OMIT, le_states: OMIT} }  </LOG>
<LOG	TS= "00:00:01:276585"  TC =  "P_TCI"  TB= " LT_p_tci:[16] IP_init_iut_p_tci:[4] LTS_set_event_mask" TG= "Send:"> [18] TCI_HCI ! HCI_LE_SET_EVENT_MASK = PDU: { hci_opcode: { ogf: '001000'B , ocf: '0000000001'B } , parameter_total_length: '08'O , LE_event_mask: '000000000000001F'O }  </LOG>
<LOG	TS= "00:00:01:411135"  TC =  "P_TCI"  TB= " LT_p_tci:[16] IP_init_iut_p_tci:[4] LTS_set_event_mask" TG= "Assign:"> [19] TCV_num_hci_command_packets := '01'O  </LOG>
<LOG	TS= "00:00:01:411325"  TC =  "P_TCI"  TB= " LT_p_tci:[16] IP_init_iut_p_tci:[4] LTS_set_event_mask" TG= "Recv:"> [19] TCI_HCI ? HCI_COMMAND_COMPLETE_EVENT = PDU: { event_code: '0E'O , parameter_total_length: '04'O , num_hci_command_packets: '01'O , hci_opcode: { ogf: '001000'B , ocf: '0000000001'B } , return_parameters: { status: '00'O , bd_addr: OMIT, authentication_enable: OMIT, class_of_device: OMIT, conn_accept_timeout: OMIT, num_current_iac: OMIT, iac_lap_list: OMIT, encryption_mode: OMIT, hold_mode_activity: OMIT, inquirymode: OMIT, inquiryscan_interval: OMIT, scan_type: OMIT, inquiryscan_window: OMIT, loopback_mode: OMIT, lmp_features_bt_20_edr: OMIT, hci_version: OMIT, hci_revision: OMIT, lmp_version: OMIT, manufacturer_name_br_edr: OMIT, lmp_subversion_br_edr: OMIT, num_broadcast_retransmission: OMIT, num_support_iac: OMIT, pin_type: OMIT, pagescan_interval: OMIT, pagescan_window: OMIT, page_scan_period_mode: OMIT, page_timeout: OMIT, scan_enable: OMIT, voice_setting: OMIT, num_keys_written: OMIT, synchronous_flow_control_enable: OMIT, connection_handle: OMIT, num_keys_deleted: OMIT, link_quality: OMIT, link_policy_settings: OMIT, current_role: OMIT, flush_timeout: OMIT, hc_acl_data_packet_length: OMIT, hc_synchronous_data_packet_length: OMIT, hc_total_num_acl_data_packets: OMIT, hc_total_num_synchronous_data_packets: OMIT, failed_contact_counter: OMIT, link_supervision_timeout: OMIT, rssi_br_edr: OMIT, max_num_keys: OMIT, num_keys_read: OMIT, transmit_power_level: OMIT, local_name: OMIT, afh_mode: OMIT, afh_channel_map: OMIT, supported_commands: OMIT, clock: OMIT, accuracy: OMIT, lmp_handle: OMIT, reserved_lmp_handle: OMIT, page_number: OMIT, maximun_page_number: OMIT, extended_lmp_features: OMIT, lmp_features_bt_21: OMIT, fec_required: OMIT, extended_inquiry_response: OMIT, simple_pairing_mode: OMIT, c: OMIT, r: OMIT, tx_power: OMIT, erroneous_data_reporting: OMIT, lmp_features_bt_30: OMIT, key_size: OMIT, transmit_power_level_GFSK: OMIT, transmit_power_level_DQPSK: OMIT, transmit_power_level_8DPSK: OMIT, flow_control_mode: OMIT, max_ACL_data_packet_length: OMIT, data_block_length: OMIT, total_num_data_blocks: OMIT, LE_supported_host: OMIT, simultaneous_LE_host: OMIT, lmp_features_bt_40: OMIT, hc_le_acl_data_packet_length: OMIT, hc_total_num_le_acl_data_packets: OMIT, address: OMIT, encrypted_data: OMIT, random_number: OMIT, le_features: OMIT, channel_map: OMIT, tx_power_level: OMIT, rssi_le: OMIT, lmp_features: OMIT, manufacturer_name_le: OMIT, lmp_subversion_le: OMIT, white_list_size: OMIT, le_states: OMIT} }  </LOG>
<LOG	TS= "00:00:01:413389"  TC =  "P_TCI"  TB= " LT_p_tci:[16] IP_init_iut_p_tci:[5] PR_device_addr_set_p_tci" TG= "Send:"> [2] TCI_HCI ! HCI_READ_BD_ADDR = PDU: { hci_opcode: { ogf: '000100'B , ocf: '0000001001'B } , parameter_total_length: '00'O }  </LOG>
<LOG	TS= "00:00:01:539050"  TC =  "P_TCI"  TB= " LT_p_tci:[16] IP_init_iut_p_tci:[5] PR_device_addr_set_p_tci" TG= "Assign:"> PR01: [3] TCV_num_hci_command_packets := '01'O  </LOG>
<LOG	TS= "00:00:01:539245"  TC =  "P_TCI"  TB= " LT_p_tci:[16] IP_init_iut_p_tci:[5] PR_device_addr_set_p_tci" TG= "Recv:"> PR01: [3] TCI_HCI ? HCI_COMMAND_COMPLETE_EVENT = PDU: { event_code: '0E'O , parameter_total_length: '0A'O , num_hci_command_packets: '01'O , hci_opcode: { ogf: '000100'B , ocf: '0000001001'B } , return_parameters: { status: '00'O , bd_addr: OMIT, authentication_enable: OMIT, class_of_device: OMIT, conn_accept_timeout: OMIT, num_current_iac: OMIT, iac_lap_list: OMIT, encryption_mode: OMIT, hold_mode_activity: OMIT, inquirymode: OMIT, inquiryscan_interval: OMIT, scan_type: OMIT, inquiryscan_window: OMIT, loopback_mode: OMIT, lmp_features_bt_20_edr: OMIT, hci_version: OMIT, hci_revision: OMIT, lmp_version: OMIT, manufacturer_name_br_edr: OMIT, lmp_subversion_br_edr: OMIT, num_broadcast_retransmission: OMIT, num_support_iac: OMIT, pin_type: OMIT, pagescan_interval: OMIT, pagescan_window: OMIT, page_scan_period_mode: OMIT, page_timeout: OMIT, scan_enable: OMIT, voice_setting: OMIT, num_keys_written: OMIT, synchronous_flow_control_enable: OMIT, connection_handle: OMIT, num_keys_deleted: OMIT, link_quality: OMIT, link_policy_settings: OMIT, current_role: OMIT, flush_timeout: OMIT, hc_acl_data_packet_length: OMIT, hc_synchronous_data_packet_length: OMIT, hc_total_num_acl_data_packets: OMIT, hc_total_num_synchronous_data_packets: OMIT, failed_contact_counter: OMIT, link_supervision_timeout: OMIT, rssi_br_edr: OMIT, max_num_keys: OMIT, num_keys_read: OMIT, transmit_power_level: OMIT, local_name: OMIT, afh_mode: OMIT, afh_channel_map: OMIT, supported_commands: OMIT, clock: OMIT, accuracy: OMIT, lmp_handle: OMIT, reserved_lmp_handle: OMIT, page_number: OMIT, maximun_page_number: OMIT, extended_lmp_features: OMIT, lmp_features_bt_21: OMIT, fec_required: OMIT, extended_inquiry_response: OMIT, simple_pairing_mode: OMIT, c: OMIT, r: OMIT, tx_power: OMIT, erroneous_data_reporting: OMIT, lmp_features_bt_30: OMIT, key_size: OMIT, transmit_power_level_GFSK: OMIT, transmit_power_level_DQPSK: OMIT, transmit_power_level_8DPSK: OMIT, flow_control_mode: OMIT, max_ACL_data_packet_length: OMIT, data_block_length: OMIT, total_num_data_blocks: OMIT, LE_supported_host: OMIT, simultaneous_LE_host: OMIT, lmp_features_bt_40: OMIT, hc_le_acl_data_packet_length: OMIT, hc_total_num_le_acl_data_packets: OMIT, address: { company_assigned: '29CD00'O , company_id: '99FF56'O } , encrypted_data: OMIT, random_number: OMIT, le_features: OMIT, channel_map: OMIT, tx_power_level: OMIT, rssi_le: OMIT, lmp_features: OMIT, manufacturer_name_le: OMIT, lmp_subversion_le: OMIT, white_list_size: OMIT, le_states: OMIT} }  </LOG>
<LOG	TS= "00:00:01:539637"  TC =  "P_TCI"  TB= " LT_p_tci:[16] IP_init_iut_p_tci:[5] PR_device_addr_set_p_tci" TG= "Preliminary verdict:"> PR01: [3] (PASS) </LOG>
<LOG	TS= "00:00:01:539981"  TC =  "P_TCI"  TB= " LT_p_tci:[16] IP_init_iut_p_tci" TG= "CancelTimer:"> PR02: [11] T_guard [0] 120 s </LOG>
<LOG	TS= "00:00:01:540076"  TC =  "P_TCI"  TB= " LT_p_tci:[16] IP_init_iut_p_tci" TG= "Preliminary verdict:"> PR02: [11] (PASS) </LOG>
<LOG	TS= "00:00:01:540299"  TC =  "P_TCI"  TB= " LT_p_tci" TG= "Assign:"> [17] TCV_scan_interval := '01E0'O  </LOG>
<LOG	TS= "00:00:01:542083"  TC =  "P_TCI"  TB= " LT_p_tci" TG= "Send:"> [18] TCI_HCI ! HCI_LE_SET_SCAN_PARAMETERS = PDU: { hci_opcode: { ogf: '001000'B , ocf: '0000001011'B } , parameter_total_length: '07'O , le_scan_mode: '00'O , le_scan_interval: '01E0'O , le_scan_window: '01E0'O , own_address_type: '00'O , scanning_filter_policy: '00'O }  </LOG>
<LOG	TS= "00:00:01:665135"  TC =  "P_TCI"  TB= " LT_p_tci" TG= "Assign:"> [19] TCV_num_hci_command_packets := '01'O  </LOG>
<LOG	TS= "00:00:01:665303"  TC =  "P_TCI"  TB= " LT_p_tci" TG= "Recv:"> [19] TCI_HCI ? HCI_COMMAND_COMPLETE_EVENT = PDU: { event_code: '0E'O , parameter_total_length: '04'O , num_hci_command_packets: '01'O , hci_opcode: { ogf: '001000'B , ocf: '0000001011'B } , return_parameters: { status: '00'O , bd_addr: OMIT, authentication_enable: OMIT, class_of_device: OMIT, conn_accept_timeout: OMIT, num_current_iac: OMIT, iac_lap_list: OMIT, encryption_mode: OMIT, hold_mode_activity: OMIT, inquirymode: OMIT, inquiryscan_interval: OMIT, scan_type: OMIT, inquiryscan_window: OMIT, loopback_mode: OMIT, lmp_features_bt_20_edr: OMIT, hci_version: OMIT, hci_revision: OMIT, lmp_version: OMIT, manufacturer_name_br_edr: OMIT, lmp_subversion_br_edr: OMIT, num_broadcast_retransmission: OMIT, num_support_iac: OMIT, pin_type: OMIT, pagescan_interval: OMIT, pagescan_window: OMIT, page_scan_period_mode: OMIT, page_timeout: OMIT, scan_enable: OMIT, voice_setting: OMIT, num_keys_written: OMIT, synchronous_flow_control_enable: OMIT, connection_handle: OMIT, num_keys_deleted: OMIT, link_quality: OMIT, link_policy_settings: OMIT, current_role: OMIT, flush_timeout: OMIT, hc_acl_data_packet_length: OMIT, hc_synchronous_data_packet_length: OMIT, hc_total_num_acl_data_packets: OMIT, hc_total_num_synchronous_data_packets: OMIT, failed_contact_counter: OMIT, link_supervision_timeout: OMIT, rssi_br_edr: OMIT, max_num_keys: OMIT, num_keys_read: OMIT, transmit_power_level: OMIT, local_name: OMIT, afh_mode: OMIT, afh_channel_map: OMIT, supported_commands: OMIT, clock: OMIT, accuracy: OMIT, lmp_handle: OMIT, reserved_lmp_handle: OMIT, page_number: OMIT, maximun_page_number: OMIT, extended_lmp_features: OMIT, lmp_features_bt_21: OMIT, fec_required: OMIT, extended_inquiry_response: OMIT, simple_pairing_mode: OMIT, c: OMIT, r: OMIT, tx_power: OMIT, erroneous_data_reporting: OMIT, lmp_features_bt_30: OMIT, key_size: OMIT, transmit_power_level_GFSK: OMIT, transmit_power_level_DQPSK: OMIT, transmit_power_level_8DPSK: OMIT, flow_control_mode: OMIT, max_ACL_data_packet_length: OMIT, data_block_length: OMIT, total_num_data_blocks: OMIT, LE_supported_host: OMIT, simultaneous_LE_host: OMIT, lmp_features_bt_40: OMIT, hc_le_acl_data_packet_length: OMIT, hc_total_num_le_acl_data_packets: OMIT, address: OMIT, encrypted_data: OMIT, random_number: OMIT, le_features: OMIT, channel_map: OMIT, tx_power_level: OMIT, rssi_le: OMIT, lmp_features: OMIT, manufacturer_name_le: OMIT, lmp_subversion_le: OMIT, white_list_size: OMIT, le_states: OMIT} }  </LOG>
<LOG	TS= "00:00:01:667345"  TC =  "P_TCI"  TB= " LT_p_tci" TG= "Send:"> [20] TCI_HCI ! HCI_LE_SET_SCAN_ENABLE = PDU: { hci_opcode: { ogf: '001000'B , ocf: '0000001100'B } , parameter_total_length: '02'O , le_scan_enable: '01'O , filter_duplicates: '00'O }  </LOG>
<LOG	TS= "00:00:01:835500"  TC =  "P_TCI"  TB= " LT_p_tci" TG= "Assign:"> [21] TCV_num_hci_command_packets := '01'O  </LOG>
<LOG	TS= "00:00:01:835705"  TC =  "P_TCI"  TB= " LT_p_tci" TG= "Recv:"> [21] TCI_HCI ? HCI_COMMAND_COMPLETE_EVENT = PDU: { event_code: '0E'O , parameter_total_length: '04'O , num_hci_command_packets: '01'O , hci_opcode: { ogf: '001000'B , ocf: '0000001100'B } , return_parameters: { status: '00'O , bd_addr: OMIT, authentication_enable: OMIT, class_of_device: OMIT, conn_accept_timeout: OMIT, num_current_iac: OMIT, iac_lap_list: OMIT, encryption_mode: OMIT, hold_mode_activity: OMIT, inquirymode: OMIT, inquiryscan_interval: OMIT, scan_type: OMIT, inquiryscan_window: OMIT, loopback_mode: OMIT, lmp_features_bt_20_edr: OMIT, hci_version: OMIT, hci_revision: OMIT, lmp_version: OMIT, manufacturer_name_br_edr: OMIT, lmp_subversion_br_edr: OMIT, num_broadcast_retransmission: OMIT, num_support_iac: OMIT, pin_type: OMIT, pagescan_interval: OMIT, pagescan_window: OMIT, page_scan_period_mode: OMIT, page_timeout: OMIT, scan_enable: OMIT, voice_setting: OMIT, num_keys_written: OMIT, synchronous_flow_control_enable: OMIT, connection_handle: OMIT, num_keys_deleted: OMIT, link_quality: OMIT, link_policy_settings: OMIT, current_role: OMIT, flush_timeout: OMIT, hc_acl_data_packet_length: OMIT, hc_synchronous_data_packet_length: OMIT, hc_total_num_acl_data_packets: OMIT, hc_total_num_synchronous_data_packets: OMIT, failed_contact_counter: OMIT, link_supervision_timeout: OMIT, rssi_br_edr: OMIT, max_num_keys: OMIT, num_keys_read: OMIT, transmit_power_level: OMIT, local_name: OMIT, afh_mode: OMIT, afh_channel_map: OMIT, supported_commands: OMIT, clock: OMIT, accuracy: OMIT, lmp_handle: OMIT, reserved_lmp_handle: OMIT, page_number: OMIT, maximun_page_number: OMIT, extended_lmp_features: OMIT, lmp_features_bt_21: OMIT, fec_required: OMIT, extended_inquiry_response: OMIT, simple_pairing_mode: OMIT, c: OMIT, r: OMIT, tx_power: OMIT, erroneous_data_reporting: OMIT, lmp_features_bt_30: OMIT, key_size: OMIT, transmit_power_level_GFSK: OMIT, transmit_power_level_DQPSK: OMIT, transmit_power_level_8DPSK: OMIT, flow_control_mode: OMIT, max_ACL_data_packet_length: OMIT, data_block_length: OMIT, total_num_data_blocks: OMIT, LE_supported_host: OMIT, simultaneous_LE_host: OMIT, lmp_features_bt_40: OMIT, hc_le_acl_data_packet_length: OMIT, hc_total_num_le_acl_data_packets: OMIT, address: OMIT, encrypted_data: OMIT, random_number: OMIT, le_features: OMIT, channel_map: OMIT, tx_power_level: OMIT, rssi_le: OMIT, lmp_features: OMIT, manufacturer_name_le: OMIT, lmp_subversion_le: OMIT, white_list_size: OMIT, le_states: OMIT} }  </LOG>
<LOG	TS= "00:00:01:836128"  TC =  "P_TCI"  TB= " LT_p_tci" TG= "Send:"> [22] CP_TCI ! CM_CONTINUE = PDU: { val: "Cm_start_advertising" }  </LOG>
<LOG	TS= "00:00:01:837250"  TC =  "MTC"  TB= " TC_DDI_SCN_BI_02" TG= "Recv:"> [6] CP_TCI ? CM_CONTINUE = PDU: { val: "Cm_start_advertising" }  </LOG>
<LOG	TS= "00:00:01:837651"  TC =  "MTC"  TB= " TC_DDI_SCN_BI_02" TG= "Send:"> [7] CP_LL ! CM_CONTINUE = PDU: { val: "Cm_start_advertising" }  </LOG>
<LOG	TS= "00:00:01:838139"  TC =  "P_LL"  TB= " LT_p_ll" TG= "Recv:"> [36] CP_LL ? CM_CONTINUE = PDU: { val: "Cm_start_advertising" }  </LOG>
<LOG	TS= "00:00:01:838266"  TC =  "P_LL"  TB= " LT_p_ll" TG= "Assign:"> [37] TCV_advertising_timer := 6000  </LOG>
<LOG	TS= "00:00:01:840416"  TC =  "P_LL"  TB= " LT_p_ll:[38] LTS_start_p_ll" TG= "Send:"> [41] LL ! LL_LC_ADVERTISE_PARAMETERS_REQ = PDU: { lilcld: '2000'O , length: '16'O , accaddrGen: '00'O , advInterval: '00A0'O , advEventType: '03'O , advAddrType: '00'O , iniAddrType: '00'O , advAddr: { company_assigned: '123456'O , company_id: '123456'O } , iniAddr: { company_assigned: '29CD00'O , company_id: '99FF56'O } , crc: '01'O }  </LOG>
<LOG	TS= "00:00:01:848106"  TC =  "P_LL"  TB= " LT_p_ll:[38] LTS_start_p_ll" TG= "Recv:"> [42] LL ? LL_LC_ADVERTISE_PARAMETERS_CFM = PDU: { lilcld: '2001'O , length: '04'O , confirmInd: '00'O }  </LOG>
<LOG	TS= "00:00:01:849760"  TC =  "P_LL"  TB= " LT_p_ll:[38] LTS_start_p_ll" TG= "Send:"> [43] LL ! LL_LC_ADVERTISE_CHANNEL_MAP_REQ = PDU: { lilcld: '2002'O , length: '04'O , advChannelMap: '01'O }  </LOG>
<LOG	TS= "00:00:01:851611"  TC =  "P_LL"  TB= " LT_p_ll:[38] LTS_start_p_ll" TG= "Recv:"> [44] LL ? LL_LC_ADVERTISE_CHANNEL_MAP_CFM = PDU: { lilcld: '2003'O , length: '04'O , confirmInd: '00'O }  </LOG>
<LOG	TS= "00:00:01:853606"  TC =  "P_LL"  TB= " LT_p_ll:[38] LTS_start_p_ll" TG= "Send:"> [45] LL ! LL_LC_ADVERTISE_DATA_REQ = PDU: { lilcld: '2004'O , length: '05'O , advDataLength: '01'O , advData: '01'O }  </LOG>
<LOG	TS= "00:00:01:932630"  TC =  "P_LL"  TB= " LT_p_ll:[38] LTS_start_p_ll" TG= "Recv:"> [46] LL ? LL_LC_ADVERTISE_DATA_CFM = PDU: { lilcld: '2005'O , length: '04'O , confirmInd: '00'O }  </LOG>
<LOG	TS= "00:00:01:934665"  TC =  "P_LL"  TB= " LT_p_ll:[38] LTS_start_p_ll" TG= "Send:"> [47] LL ! LL_LC_ADVERTISING_MODE_REQ = PDU: { lilcld: '200D'O , length: '04'O , advStatus: '00'O }  </LOG>
<LOG	TS= "00:00:01:934860"  TC =  "P_LL"  TB= " LT_p_ll:[38] LTS_start_p_ll" TG= "StartTimer:"> [47] T_wait [0] 6000 ms </LOG>
<LOG	TS= "00:00:01:936731"  TC =  "P_LL"  TB= " LT_p_ll:[38] LTS_start_p_ll" TG= "Recv:"> [48] LL ? LL_LC_ADVERTISING_MODE_CFM = PDU: { lilcld: '200E'O , length: '04'O , confirmInd: '00'O }  </LOG>
<LOG	TS= "00:00:07:935603"  TC =  "P_LL"  TB= " LT_p_ll:[38] LTS_start_p_ll" TG= "Timed out Timer:"> T_wait </LOG>
<LOG	TS= "00:00:07:935812"  TC =  "P_LL"  TB= " LT_p_ll:[38] LTS_start_p_ll" TG= "TimeOut:"> TB04: [49] T_wait [0] 6000 ms </LOG>
<LOG	TS= "00:00:07:935920"  TC =  "P_LL"  TB= " LT_p_ll:[38] LTS_start_p_ll" TG= "Preliminary verdict:"> TB04: [49] (PASS) </LOG>
<LOG	TS= "00:00:07:937557"  TC =  "P_LL"  TB= " LT_p_ll:[38] LTS_start_p_ll:[50] LTS_stop_advertising" TG= "Send:"> [52] LL ! LL_LC_ADVERTISING_MODE_REQ = PDU: { lilcld: '200D'O , length: '04'O , advStatus: '01'O }  </LOG>
<LOG	TS= "00:00:07:940132"  TC =  "P_LL"  TB= " LT_p_ll:[38] LTS_start_p_ll:[50] LTS_stop_advertising" TG= "Recv:"> [53] LL ? LL_LC_ADVERTISING_MODE_CFM = PDU: { lilcld: '200E'O , length: '04'O , confirmInd: '00'O }  </LOG>
<LOG	TS= "00:00:07:940304"  TC =  "P_LL"  TB= " LT_p_ll:[38] LTS_start_p_ll" TG= "Send:"> [51] CP_LL ! CM_CONTINUE = PDU: { val: "Cm_advertising_stopped" }  </LOG>
<LOG	TS= "00:00:07:942360"  TC =  "P_LL"  TB= " LT_p_ll:[39] LTS_start_p_ll" TG= "Send:"> [41] LL ! LL_LC_ADVERTISE_PARAMETERS_REQ = PDU: { lilcld: '2000'O , length: '16'O , accaddrGen: '00'O , advInterval: '00A0'O , advEventType: '03'O , advAddrType: '00'O , iniAddrType: '00'O , advAddr: { company_assigned: '123456'O , company_id: '123456'O } , iniAddr: { company_assigned: '29CD00'O , company_id: '99FF56'O } , crc: '01'O }  </LOG>
<LOG	TS= "00:00:07:944303"  TC =  "MTC"  TB= " TC_DDI_SCN_BI_02:[8] LT_tc_start_mtc" TG= "Recv:"> [13] CP_LL ? CM_CONTINUE = PDU: { val: "Cm_advertising_stopped" }  </LOG>
<LOG	TS= "00:00:07:944428"  TC =  "MTC"  TB= " TC_DDI_SCN_BI_02:[8] LT_tc_start_mtc" TG= "Send:"> [14] CP_TCI ! CM_CONTINUE = PDU: { val: "Cm_advertising_stopped" }  </LOG>
<LOG	TS= "00:00:07:945082"  TC =  "P_TCI"  TB= " LT_p_tci:[23] LTS_start_p_tci" TG= "Recv:"> TB02: [27] CP_TCI ? CM_CONTINUE = PDU: { val: "Cm_advertising_stopped" }  </LOG>
<LOG	TS= "00:00:07:945181"  TC =  "P_TCI"  TB= " LT_p_tci:[23] LTS_start_p_tci" TG= "Preliminary verdict:"> TB02: [27] (PASS) </LOG>
<LOG	TS= "00:00:07:968697"  TC =  "P_LL"  TB= " LT_p_ll:[39] LTS_start_p_ll" TG= "Recv:"> [42] LL ? LL_LC_ADVERTISE_PARAMETERS_CFM = PDU: { lilcld: '2001'O , length: '04'O , confirmInd: '00'O }  </LOG>
<LOG	TS= "00:00:07:970310"  TC =  "P_LL"  TB= " LT_p_ll:[39] LTS_start_p_ll" TG= "Send:"> [43] LL ! LL_LC_ADVERTISE_CHANNEL_MAP_REQ = PDU: { lilcld: '2002'O , length: '04'O , advChannelMap: '02'O }  </LOG>
<LOG	TS= "00:00:07:973691"  TC =  "P_LL"  TB= " LT_p_ll:[39] LTS_start_p_ll" TG= "Recv:"> [44] LL ? LL_LC_ADVERTISE_CHANNEL_MAP_CFM = PDU: { lilcld: '2003'O , length: '04'O , confirmInd: '00'O }  </LOG>
<LOG	TS= "00:00:07:975585"  TC =  "P_LL"  TB= " LT_p_ll:[39] LTS_start_p_ll" TG= "Send:"> [45] LL ! LL_LC_ADVERTISE_DATA_REQ = PDU: { lilcld: '2004'O , length: '05'O , advDataLength: '01'O , advData: '01'O }  </LOG>
<LOG	TS= "00:00:07:977558"  TC =  "P_LL"  TB= " LT_p_ll:[39] LTS_start_p_ll" TG= "Recv:"> [46] LL ? LL_LC_ADVERTISE_DATA_CFM = PDU: { lilcld: '2005'O , length: '04'O , confirmInd: '00'O }  </LOG>
<LOG	TS= "00:00:07:979588"  TC =  "P_LL"  TB= " LT_p_ll:[39] LTS_start_p_ll" TG= "Send:"> [47] LL ! LL_LC_ADVERTISING_MODE_REQ = PDU: { lilcld: '200D'O , length: '04'O , advStatus: '00'O }  </LOG>
<LOG	TS= "00:00:07:980028"  TC =  "P_LL"  TB= " LT_p_ll:[39] LTS_start_p_ll" TG= "StartTimer:"> [47] T_wait [0] 6000 ms </LOG>
<LOG	TS= "00:00:07:983457"  TC =  "P_LL"  TB= " LT_p_ll:[39] LTS_start_p_ll" TG= "Recv:"> [48] LL ? LL_LC_ADVERTISING_MODE_CFM = PDU: { lilcld: '200E'O , length: '04'O , confirmInd: '00'O }  </LOG>
<LOG	TS= "00:00:13:979993"  TC =  "P_LL"  TB= " LT_p_ll:[39] LTS_start_p_ll" TG= "Timed out Timer:"> T_wait </LOG>
<LOG	TS= "00:00:13:981696"  TC =  "P_LL"  TB= " LT_p_ll:[39] LTS_start_p_ll" TG= "TimeOut:"> TB04: [49] T_wait [0] 6000 ms </LOG>
<LOG	TS= "00:00:13:981800"  TC =  "P_LL"  TB= " LT_p_ll:[39] LTS_start_p_ll" TG= "Preliminary verdict:"> TB04: [49] (PASS) </LOG>
<LOG	TS= "00:00:13:983397"  TC =  "P_LL"  TB= " LT_p_ll:[39] LTS_start_p_ll:[50] LTS_stop_advertising" TG= "Send:"> [52] LL ! LL_LC_ADVERTISING_MODE_REQ = PDU: { lilcld: '200D'O , length: '04'O , advStatus: '01'O }  </LOG>
<LOG	TS= "00:00:13:985149"  TC =  "P_LL"  TB= " LT_p_ll:[39] LTS_start_p_ll:[50] LTS_stop_advertising" TG= "Recv:"> [53] LL ? LL_LC_ADVERTISING_MODE_CFM = PDU: { lilcld: '200E'O , length: '04'O , confirmInd: '00'O }  </LOG>
<LOG	TS= "00:00:13:985310"  TC =  "P_LL"  TB= " LT_p_ll:[39] LTS_start_p_ll" TG= "Send:"> [51] CP_LL ! CM_CONTINUE = PDU: { val: "Cm_advertising_stopped" }  </LOG>
<LOG	TS= "00:00:13:987462"  TC =  "P_LL"  TB= " LT_p_ll:[40] LTS_start_p_ll" TG= "Send:"> [41] LL ! LL_LC_ADVERTISE_PARAMETERS_REQ = PDU: { lilcld: '2000'O , length: '16'O , accaddrGen: '00'O , advInterval: '00A0'O , advEventType: '03'O , advAddrType: '00'O , iniAddrType: '00'O , advAddr: { company_assigned: '123456'O , company_id: '123456'O } , iniAddr: { company_assigned: '29CD00'O , company_id: '99FF56'O } , crc: '01'O }  </LOG>
<LOG	TS= "00:00:13:989022"  TC =  "MTC"  TB= " TC_DDI_SCN_BI_02:[9] LT_tc_start_mtc" TG= "Recv:"> [13] CP_LL ? CM_CONTINUE = PDU: { val: "Cm_advertising_stopped" }  </LOG>
<LOG	TS= "00:00:13:989144"  TC =  "MTC"  TB= " TC_DDI_SCN_BI_02:[9] LT_tc_start_mtc" TG= "Send:"> [14] CP_TCI ! CM_CONTINUE = PDU: { val: "Cm_advertising_stopped" }  </LOG>
<LOG	TS= "00:00:13:990208"  TC =  "P_TCI"  TB= " LT_p_tci:[24] LTS_start_p_tci" TG= "Recv:"> TB02: [27] CP_TCI ? CM_CONTINUE = PDU: { val: "Cm_advertising_stopped" }  </LOG>
<LOG	TS= "00:00:13:990311"  TC =  "P_TCI"  TB= " LT_p_tci:[24] LTS_start_p_tci" TG= "Preliminary verdict:"> TB02: [27] (PASS) </LOG>
<LOG	TS= "00:00:13:992529"  TC =  "P_LL"  TB= " LT_p_ll:[40] LTS_start_p_ll" TG= "Recv:"> [42] LL ? LL_LC_ADVERTISE_PARAMETERS_CFM = PDU: { lilcld: '2001'O , length: '04'O , confirmInd: '00'O }  </LOG>
<LOG	TS= "00:00:13:994213"  TC =  "P_LL"  TB= " LT_p_ll:[40] LTS_start_p_ll" TG= "Send:"> [43] LL ! LL_LC_ADVERTISE_CHANNEL_MAP_REQ = PDU: { lilcld: '2002'O , length: '04'O , advChannelMap: '04'O }  </LOG>
<LOG	TS= "00:00:13:997445"  TC =  "P_LL"  TB= " LT_p_ll:[40] LTS_start_p_ll" TG= "Recv:"> [44] LL ? LL_LC_ADVERTISE_CHANNEL_MAP_CFM = PDU: { lilcld: '2003'O , length: '04'O , confirmInd: '00'O }  </LOG>
<LOG	TS= "00:00:13:999155"  TC =  "P_LL"  TB= " LT_p_ll:[40] LTS_start_p_ll" TG= "Send:"> [45] LL ! LL_LC_ADVERTISE_DATA_REQ = PDU: { lilcld: '2004'O , length: '05'O , advDataLength: '01'O , advData: '01'O }  </LOG>
<LOG	TS= "00:00:14:001039"  TC =  "P_LL"  TB= " LT_p_ll:[40] LTS_start_p_ll" TG= "Recv:"> [46] LL ? LL_LC_ADVERTISE_DATA_CFM = PDU: { lilcld: '2005'O , length: '04'O , confirmInd: '00'O }  </LOG>
<LOG	TS= "00:00:14:002789"  TC =  "P_LL"  TB= " LT_p_ll:[40] LTS_start_p_ll" TG= "Send:"> [47] LL ! LL_LC_ADVERTISING_MODE_REQ = PDU: { lilcld: '200D'O , length: '04'O , advStatus: '00'O }  </LOG>
<LOG	TS= "00:00:14:002991"  TC =  "P_LL"  TB= " LT_p_ll:[40] LTS_start_p_ll" TG= "StartTimer:"> [47] T_wait [0] 6000 ms </LOG>
<LOG	TS= "00:00:14:006239"  TC =  "P_LL"  TB= " LT_p_ll:[40] LTS_start_p_ll" TG= "Recv:"> [48] LL ? LL_LC_ADVERTISING_MODE_CFM = PDU: { lilcld: '200E'O , length: '04'O , confirmInd: '00'O }  </LOG>
<LOG	TS= "00:00:20:003629"  TC =  "P_LL"  TB= " LT_p_ll:[40] LTS_start_p_ll" TG= "Timed out Timer:"> T_wait </LOG>
<LOG	TS= "00:00:20:004576"  TC =  "P_LL"  TB= " LT_p_ll:[40] LTS_start_p_ll" TG= "TimeOut:"> TB04: [49] T_wait [0] 6000 ms </LOG>
<LOG	TS= "00:00:20:004667"  TC =  "P_LL"  TB= " LT_p_ll:[40] LTS_start_p_ll" TG= "Preliminary verdict:"> TB04: [49] (PASS) </LOG>
<LOG	TS= "00:00:20:006282"  TC =  "P_LL"  TB= " LT_p_ll:[40] LTS_start_p_ll:[50] LTS_stop_advertising" TG= "Send:"> [52] LL ! LL_LC_ADVERTISING_MODE_REQ = PDU: { lilcld: '200D'O , length: '04'O , advStatus: '01'O }  </LOG>
<LOG	TS= "00:00:20:008264"  TC =  "P_LL"  TB= " LT_p_ll:[40] LTS_start_p_ll:[50] LTS_stop_advertising" TG= "Recv:"> [53] LL ? LL_LC_ADVERTISING_MODE_CFM = PDU: { lilcld: '200E'O , length: '04'O , confirmInd: '00'O }  </LOG>
<LOG	TS= "00:00:20:008446"  TC =  "P_LL"  TB= " LT_p_ll:[40] LTS_start_p_ll" TG= "Send:"> [51] CP_LL ! CM_CONTINUE = PDU: { val: "Cm_advertising_stopped" }  </LOG>
<LOG	TS= "00:00:20:008547"  TC =  "P_LL"  TB= " LT_p_ll:[40] LTS_start_p_ll" TG= "GciLogStopPTC"> TC_DDI_SCN_BI_02::LT_p_ll </LOG>
<LOG	TS= "00:00:20:009894"  TC =  "MTC"  TB= " TC_DDI_SCN_BI_02:[10] LT_tc_start_mtc" TG= "Recv:"> [13] CP_LL ? CM_CONTINUE = PDU: { val: "Cm_advertising_stopped" }  </LOG>
<LOG	TS= "00:00:20:010033"  TC =  "MTC"  TB= " TC_DDI_SCN_BI_02:[10] LT_tc_start_mtc" TG= "Send:"> [14] CP_TCI ! CM_CONTINUE = PDU: { val: "Cm_advertising_stopped" }  </LOG>
<LOG	TS= "00:00:20:010504"  TC =  "P_TCI"  TB= " LT_p_tci:[25] LTS_start_p_tci" TG= "Recv:"> TB02: [27] CP_TCI ? CM_CONTINUE = PDU: { val: "Cm_advertising_stopped" }  </LOG>
<LOG	TS= "00:00:20:010604"  TC =  "P_TCI"  TB= " LT_p_tci:[25] LTS_start_p_tci" TG= "Preliminary verdict:"> TB02: [27] (PASS) </LOG>
<LOG	TS= "00:00:20:012166"  TC =  "P_TCI"  TB= " LT_p_tci:[26] LTS_postamble_p_tci" TG= "Send:"> [31] TCI_HCI ! HCI_LE_SET_SCAN_ENABLE = PDU: { hci_opcode: { ogf: '001000'B , ocf: '0000001100'B } , parameter_total_length: '02'O , le_scan_enable: '00'O , filter_duplicates: '00'O }  </LOG>
<LOG	TS= "00:00:20:163363"  TC =  "P_TCI"  TB= " LT_p_tci:[26] LTS_postamble_p_tci" TG= "Assign:"> [32] TCV_num_hci_command_packets := '01'O  </LOG>
<LOG	TS= "00:00:20:163565"  TC =  "P_TCI"  TB= " LT_p_tci:[26] LTS_postamble_p_tci" TG= "Recv:"> [32] TCI_HCI ? HCI_COMMAND_COMPLETE_EVENT = PDU: { event_code: '0E'O , parameter_total_length: '04'O , num_hci_command_packets: '01'O , hci_opcode: { ogf: '001000'B , ocf: '0000001100'B } , return_parameters: { status: '00'O , bd_addr: OMIT, authentication_enable: OMIT, class_of_device: OMIT, conn_accept_timeout: OMIT, num_current_iac: OMIT, iac_lap_list: OMIT, encryption_mode: OMIT, hold_mode_activity: OMIT, inquirymode: OMIT, inquiryscan_interval: OMIT, scan_type: OMIT, inquiryscan_window: OMIT, loopback_mode: OMIT, lmp_features_bt_20_edr: OMIT, hci_version: OMIT, hci_revision: OMIT, lmp_version: OMIT, manufacturer_name_br_edr: OMIT, lmp_subversion_br_edr: OMIT, num_broadcast_retransmission: OMIT, num_support_iac: OMIT, pin_type: OMIT, pagescan_interval: OMIT, pagescan_window: OMIT, page_scan_period_mode: OMIT, page_timeout: OMIT, scan_enable: OMIT, voice_setting: OMIT, num_keys_written: OMIT, synchronous_flow_control_enable: OMIT, connection_handle: OMIT, num_keys_deleted: OMIT, link_quality: OMIT, link_policy_settings: OMIT, current_role: OMIT, flush_timeout: OMIT, hc_acl_data_packet_length: OMIT, hc_synchronous_data_packet_length: OMIT, hc_total_num_acl_data_packets: OMIT, hc_total_num_synchronous_data_packets: OMIT, failed_contact_counter: OMIT, link_supervision_timeout: OMIT, rssi_br_edr: OMIT, max_num_keys: OMIT, num_keys_read: OMIT, transmit_power_level: OMIT, local_name: OMIT, afh_mode: OMIT, afh_channel_map: OMIT, supported_commands: OMIT, clock: OMIT, accuracy: OMIT, lmp_handle: OMIT, reserved_lmp_handle: OMIT, page_number: OMIT, maximun_page_number: OMIT, extended_lmp_features: OMIT, lmp_features_bt_21: OMIT, fec_required: OMIT, extended_inquiry_response: OMIT, simple_pairing_mode: OMIT, c: OMIT, r: OMIT, tx_power: OMIT, erroneous_data_reporting: OMIT, lmp_features_bt_30: OMIT, key_size: OMIT, transmit_power_level_GFSK: OMIT, transmit_power_level_DQPSK: OMIT, transmit_power_level_8DPSK: OMIT, flow_control_mode: OMIT, max_ACL_data_packet_length: OMIT, data_block_length: OMIT, total_num_data_blocks: OMIT, LE_supported_host: OMIT, simultaneous_LE_host: OMIT, lmp_features_bt_40: OMIT, hc_le_acl_data_packet_length: OMIT, hc_total_num_le_acl_data_packets: OMIT, address: OMIT, encrypted_data: OMIT, random_number: OMIT, le_features: OMIT, channel_map: OMIT, tx_power_level: OMIT, rssi_le: OMIT, lmp_features: OMIT, manufacturer_name_le: OMIT, lmp_subversion_le: OMIT, white_list_size: OMIT, le_states: OMIT} }  </LOG>
<LOG	TS= "00:00:20:163950"  TC =  "P_TCI"  TB= " LT_p_tci:[26] LTS_postamble_p_tci" TG= "GciLogStopPTC"> TC_DDI_SCN_BI_02::LT_p_tci </LOG>
<LOG	TS= "00:00:20:165629"  TC =  "MTC"  TB= " TC_DDI_SCN_BI_02" TG= "CancelTimer:"> TB01: [11] T_test_case [0] 180 s </LOG>
<LOG	TS= "00:00:20:165741"  TC =  "MTC"  TB= " TC_DDI_SCN_BI_02" TG= "Final verdict:"> TB01: [11] PASS </LOG>
<LOGHEAD	TestCase="TC_DDI_SCN_BI_02" Ver="LL 1.0.0.17 Release 1.0.16.0. Build: Nov 15 2013 12:10:47" Verdict= "PASS" Dat = "Mon Dec 14 21:46:58 2015" War = ""/>
</TRACE>
